emoji,description,aliases/0,aliases/1,aliases/2,1: :aliases/0: | :aliases/1: | :aliases/2:,tags/0,tags/1,tags/2,tags/3,emoticons/0,emoticons/1,emoticons/2,emoticons/3,emoticons/4,emoticons/5,emoticons/6,emoticons/7,emoticons/8,emoticons/9,emoticons/10,emoticons/11,emoticons/12,emoticons/13,emoticons/14,emoticons/15,emoticons/16,emoticons/17,emoticons/18,emoticons/19,emoticons/20,emoticons/21,emoticons/22,emoticons/23,emoticons/24,emoticons/25,emoticons/26,emoticons/27,emoticons/28,emoticons/29,emoticons/30,emoticons/31,emoticons/32,emoticons/33,emoticons/34,emoticons/35
ğŸ˜„,smiling face with open mouth and smiling eyes,smile,,,2: :smile: | :: | ::,happy,joy,pleased,,:D,:-D,=D,=-D,,,,,,,,,,,,,,,,,,,,,,,,,,,,,,,,
ğŸ˜ƒ,smiling face with open mouth,smiley,,,3: :smiley: | :: | ::,happy,joy,haha,,:),:],:-),:-],=),=],=-),=-],,,,,,,,,,,,,,,,,,,,,,,,,,,,
ğŸ˜€,grinning face,grinning,,,4: :grinning: | :: | ::,smile,happy,,,,,,,,,,,,,,,,,,,,,,,,,,,,,,,,,,,,,,
ğŸ˜Š,smiling face with smiling eyes,blush,,,5: :blush: | :: | ::,proud,,,,":"")",":""]",":""D",":-"")",":-""]",":-""D","="")","=""]","=""D","=-"")","=-""]","=-""D",,,,,,,,,,,,,,,,,,,,,,,,
â˜ºï¸,white smiling face,relaxed,,,6: :relaxed: | :: | ::,blush,pleased,,,,,,,,,,,,,,,,,,,,,,,,,,,,,,,,,,,,,,
ğŸ˜‰,winking face,wink,,,7: :wink: | :: | ::,flirt,,,,;),;],;D,;-),;-],;-D,,,,,,,,,,,,,,,,,,,,,,,,,,,,,,
ğŸ˜,smiling face with heart-shaped eyes,heart_eyes,,,8: :heart_eyes: | :: | ::,love,crush,,,,,,,,,,,,,,,,,,,,,,,,,,,,,,,,,,,,,,
ğŸ˜˜,face throwing a kiss,kissing_heart,,,9: :kissing_heart: | :: | ::,flirt,,,,,,,,,,,,,,,,,,,,,,,,,,,,,,,,,,,,,,,
ğŸ˜š,kissing face with closed eyes,kissing_closed_eyes,,,10: :kissing_closed_eyes: | :: | ::,,,,,,,,,,,,,,,,,,,,,,,,,,,,,,,,,,,,,,,,
ğŸ˜—,kissing face,kissing,,,11: :kissing: | :: | ::,,,,,:*,:-*,=*,=-*,,,,,,,,,,,,,,,,,,,,,,,,,,,,,,,,
ğŸ˜™,kissing face with smiling eyes,kissing_smiling_eyes,,,12: :kissing_smiling_eyes: | :: | ::,,,,,,,,,,,,,,,,,,,,,,,,,,,,,,,,,,,,,,,,
ğŸ˜œ,face with stuck-out tongue and winking eye,stuck_out_tongue_winking_eye,,,13: :stuck_out_tongue_winking_eye: | :: | ::,prank,silly,,,;p,;P,;d,;-p,;-P,;-d,,,,,,,,,,,,,,,,,,,,,,,,,,,,,,
ğŸ˜,face with stuck-out tongue and tightly-closed eyes,stuck_out_tongue_closed_eyes,,,14: :stuck_out_tongue_closed_eyes: | :: | ::,prank,,,,xP,x-p,x-P,x-d,Xp,Xd,X-p,X-P,X-d,,,,,,,,,,,,,,,,,,,,,,,,,,,
ğŸ˜›,face with stuck-out tongue,stuck_out_tongue,,,15: :stuck_out_tongue: | :: | ::,,,,,:p,:P,:d,:-p,:-P,:-d,=p,=P,=d,=-p,=-P,=-d,,,,,,,,,,,,,,,,,,,,,,,,
ğŸ˜³,flushed face,flushed,,,16: :flushed: | :: | ::,,,,,,,,,,,,,,,,,,,,,,,,,,,,,,,,,,,,,,,,
ğŸ˜,grinning face with smiling eyes,grin,,,17: :grin: | :: | ::,,,,,,,,,,,,,,,,,,,,,,,,,,,,,,,,,,,,,,,,
ğŸ˜”,pensive face,pensive,,,18: :pensive: | :: | ::,,,,,,,,,,,,,,,,,,,,,,,,,,,,,,,,,,,,,,,,
ğŸ˜Œ,relieved face,relieved,,,19: :relieved: | :: | ::,whew,,,,,,,,,,,,,,,,,,,,,,,,,,,,,,,,,,,,,,,
ğŸ˜’,unamused face,unamused,,,20: :unamused: | :: | ::,meh,,,,:$,:s,:z,:S,:Z,:-$,:-s,:-z,:-S,:-Z,=$,=s,=z,=S,=Z,=-$,=-s,=-z,=-S,=-Z,,,,,,,,,,,,,,,,
ğŸ˜,disappointed face,disappointed,,,21: :disappointed: | :: | ::,sad,,,,,,,,,,,,,,,,,,,,,,,,,,,,,,,,,,,,,,,
ğŸ˜£,persevering face,persevere,,,22: :persevere: | :: | ::,struggling,,,,,,,,,,,,,,,,,,,,,,,,,,,,,,,,,,,,,,,
ğŸ˜¢,crying face,cry,,,23: :cry: | :: | ::,sad,tear,,,":,(",":,[",":,|",":,-(",":,-[",":,-|",:'(,:'[,:'|,:'-(,:'-[,:'-|,"=,(","=,[","=,|","=,-(","=,-[","=,-|",='(,='[,='|,='-(,='-[,='-|,,,,,,,,,,,,
ğŸ˜‚,face with tears of joy,joy,,,24: :joy: | :: | ::,tears,,,,":,)",":,]",":,D",":,-)",":,-]",":,-D",:'),:'],:'D,:'-),:'-],:'-D,"=,)","=,]","=,D","=,-)","=,-]","=,-D",='),='],='D,='-),='-],='-D,,,,,,,,,,,,
ğŸ˜­,loudly crying face,sob,,,25: :sob: | :: | ::,sad,cry,bawling,,":,'(",":,'[",":,'-(",":,'-[",":',(",":',[",":',-(",":',-[","=,'(","=,'[","=,'-(","=,'-[","=',(","=',[","=',-(","=',-[",,,,,,,,,,,,,,,,,,,,
ğŸ˜ª,sleepy face,sleepy,,,26: :sleepy: | :: | ::,tired,,,,,,,,,,,,,,,,,,,,,,,,,,,,,,,,,,,,,,,
ğŸ˜¥,disappointed but relieved face,disappointed_relieved,,,27: :disappointed_relieved: | :: | ::,phew,sweat,nervous,,,,,,,,,,,,,,,,,,,,,,,,,,,,,,,,,,,,,
ğŸ˜°,face with open mouth and cold sweat,cold_sweat,,,28: :cold_sweat: | :: | ::,nervous,,,,,,,,,,,,,,,,,,,,,,,,,,,,,,,,,,,,,,,
ğŸ˜…,smiling face with open mouth and cold sweat,sweat_smile,,,29: :sweat_smile: | :: | ::,hot,,,,",:)",",:]",",:D",",:-)",",:-]",",:-D",",=)",",=]",",=D",",=-)",",=-]",",=-D",:),:],:D,:-),:-],:-D,=),=],=D,=-),=-],=-D,,,,,,,,,,,,
ğŸ˜“,face with cold sweat,sweat,,,30: :sweat: | :: | ::,,,,,",:(",",:[",",:-(",",:-[",",=(",",=[",",=-(",",=-[",:(,:[,:-(,:-[,=(,=[,=-(,=-[,,,,,,,,,,,,,,,,,,,,
ğŸ˜©,weary face,weary,,,31: :weary: | :: | ::,tired,,,,,,,,,,,,,,,,,,,,,,,,,,,,,,,,,,,,,,,
ğŸ˜«,tired face,tired_face,,,32: :tired_face: | :: | ::,upset,whine,,,,,,,,,,,,,,,,,,,,,,,,,,,,,,,,,,,,,,
ğŸ˜¨,fearful face,fearful,,,33: :fearful: | :: | ::,scared,shocked,oops,,,,,,,,,,,,,,,,,,,,,,,,,,,,,,,,,,,,,
ğŸ˜±,face screaming in fear,scream,,,34: :scream: | :: | ::,horror,shocked,,,,,,,,,,,,,,,,,,,,,,,,,,,,,,,,,,,,,,
ğŸ˜ ,angry face,angry,,,35: :angry: | :: | ::,mad,annoyed,,,>:(,>:[,>:-(,>:-[,>=(,>=[,>=-(,>=-[,,,,,,,,,,,,,,,,,,,,,,,,,,,,
ğŸ˜¡,pouting face,rage,pout,,36: :rage: | :pout: | ::,angry,,,,:@,:-@,=@,=-@,,,,,,,,,,,,,,,,,,,,,,,,,,,,,,,,
ğŸ˜¤,face with look of triumph,triumph,,,37: :triumph: | :: | ::,smug,,,,,,,,,,,,,,,,,,,,,,,,,,,,,,,,,,,,,,,
ğŸ˜–,confounded face,confounded,,,38: :confounded: | :: | ::,,,,,,,,,,,,,,,,,,,,,,,,,,,,,,,,,,,,,,,,
ğŸ˜†,smiling face with open mouth and tightly-closed eyes,laughing,satisfied,,39: :laughing: | :satisfied: | ::,happy,haha,,,x),x],xD,x-),x-],x-D,X),X],X-),X-],X-D,,,,,,,,,,,,,,,,,,,,,,,,,
ğŸ˜‹,face savouring delicious food,yum,,,40: :yum: | :: | ::,tongue,lick,,,,,,,,,,,,,,,,,,,,,,,,,,,,,,,,,,,,,,
ğŸ˜·,face with medical mask,mask,,,41: :mask: | :: | ::,sick,ill,,,,,,,,,,,,,,,,,,,,,,,,,,,,,,,,,,,,,,
ğŸ˜,smiling face with sunglasses,sunglasses,,,42: :sunglasses: | :: | ::,cool,,,,8),8],8D,8-),8-],8-D,B),B],B-),B-],B-D,,,,,,,,,,,,,,,,,,,,,,,,,
ğŸ˜´,sleeping face,sleeping,,,43: :sleeping: | :: | ::,zzz,,,,,,,,,,,,,,,,,,,,,,,,,,,,,,,,,,,,,,,
ğŸ˜µ,dizzy face,dizzy_face,,,44: :dizzy_face: | :: | ::,,,,,,,,,,,,,,,,,,,,,,,,,,,,,,,,,,,,,,,,
ğŸ˜²,astonished face,astonished,,,45: :astonished: | :: | ::,amazed,gasp,,,,,,,,,,,,,,,,,,,,,,,,,,,,,,,,,,,,,,
ğŸ˜Ÿ,worried face,worried,,,46: :worried: | :: | ::,nervous,,,,,,,,,,,,,,,,,,,,,,,,,,,,,,,,,,,,,,,
ğŸ˜¦,frowning face with open mouth,frowning,,,47: :frowning: | :: | ::,,,,,:(,:[,:-(,:-[,=(,=[,=-(,=-[,,,,,,,,,,,,,,,,,,,,,,,,,,,,
ğŸ˜§,anguished face,anguished,,,48: :anguished: | :: | ::,stunned,,,,,,,,,,,,,,,,,,,,,,,,,,,,,,,,,,,,,,,
ğŸ˜ˆ,smiling face with horns,smiling_imp,,,49: :smiling_imp: | :: | ::,devil,evil,horns,,]:),]:],]:D,]:-),]:-],]:-D,]=),]=],]=D,]=-),]=-],]=-D,,,,,,,,,,,,,,,,,,,,,,,,
ğŸ‘¿,imp,imp,,,50: :imp: | :: | ::,angry,devil,evil,horns,]:(,]:[,]:-(,]:-[,]=(,]=[,]=-(,]=-[,,,,,,,,,,,,,,,,,,,,,,,,,,,,
ğŸ˜®,face with open mouth,open_mouth,,,51: :open_mouth: | :: | ::,surprise,impressed,wow,,:o,:O,:0,:-o,:-O,:-0,=o,=O,=0,=-o,=-O,=-0,,,,,,,,,,,,,,,,,,,,,,,,
ğŸ˜¬,grimacing face,grimacing,,,52: :grimacing: | :: | ::,,,,,,,,,,,,,,,,,,,,,,,,,,,,,,,,,,,,,,,,
ğŸ˜,neutral face,neutral_face,,,53: :neutral_face: | :: | ::,meh,,,,:|,:-|,=|,=-|,,,,,,,,,,,,,,,,,,,,,,,,,,,,,,,,
ğŸ˜•,confused face,confused,,,54: :confused: | :: | ::,,,,,:/,:\,:-/,:-\,=/,=\,=-/,=-\,,,,,,,,,,,,,,,,,,,,,,,,,,,,
ğŸ˜¯,hushed face,hushed,,,55: :hushed: | :: | ::,silence,speechless,,,,,,,,,,,,,,,,,,,,,,,,,,,,,,,,,,,,,,
ğŸ˜¶,face without mouth,no_mouth,,,56: :no_mouth: | :: | ::,mute,silence,,,:-,,,,,,,,,,,,,,,,,,,,,,,,,,,,,,,,,,,
ğŸ˜‡,smiling face with halo,innocent,,,57: :innocent: | :: | ::,angel,,,,o:),o:],o:D,o:-),o:-],o:-D,o=),o=],o=D,o=-),o=-],o=-D,O:),O:],O:D,O:-),O:-],O:-D,O=),O=],O=D,O=-),O=-],O=-D,0:),0:],0:D,0:-),0:-],0:-D,0=),0=],0=D,0=-),0=-],0=-D
ğŸ˜,smirking face,smirk,,,58: :smirk: | :: | ::,smug,,,,,,,,,,,,,,,,,,,,,,,,,,,,,,,,,,,,,,,
ğŸ˜‘,expressionless face,expressionless,,,59: :expressionless: | :: | ::,,,,,,,,,,,,,,,,,,,,,,,,,,,,,,,,,,,,,,,,
ğŸ‘²,man with gua pi mao,man_with_gua_pi_mao,,,60: :man_with_gua_pi_mao: | :: | ::,,,,,,,,,,,,,,,,,,,,,,,,,,,,,,,,,,,,,,,,
ğŸ‘³,man with turban,man_with_turban,,,61: :man_with_turban: | :: | ::,,,,,,,,,,,,,,,,,,,,,,,,,,,,,,,,,,,,,,,,
ğŸ‘®,police officer,cop,,,62: :cop: | :: | ::,police,law,,,,,,,,,,,,,,,,,,,,,,,,,,,,,,,,,,,,,,
ğŸ‘·,construction worker,construction_worker,,,63: :construction_worker: | :: | ::,helmet,,,,,,,,,,,,,,,,,,,,,,,,,,,,,,,,,,,,,,,
ğŸ’‚,guardsman,guardsman,,,64: :guardsman: | :: | ::,,,,,,,,,,,,,,,,,,,,,,,,,,,,,,,,,,,,,,,,
ğŸ‘¶,baby,baby,,,65: :baby: | :: | ::,child,newborn,,,,,,,,,,,,,,,,,,,,,,,,,,,,,,,,,,,,,,
ğŸ‘¦,boy,boy,,,66: :boy: | :: | ::,child,,,,,,,,,,,,,,,,,,,,,,,,,,,,,,,,,,,,,,,
ğŸ‘§,girl,girl,,,67: :girl: | :: | ::,child,,,,,,,,,,,,,,,,,,,,,,,,,,,,,,,,,,,,,,,
ğŸ‘¨,man,man,,,68: :man: | :: | ::,mustache,father,dad,,:3,:-3,=3,=-3,;3,;-3,x3,x-3,X3,X-3,,,,,,,,,,,,,,,,,,,,,,,,,,
ğŸ‘©,woman,woman,,,69: :woman: | :: | ::,girls,,,,,,,,,,,,,,,,,,,,,,,,,,,,,,,,,,,,,,,
ğŸ‘´,older man,older_man,,,70: :older_man: | :: | ::,,,,,,,,,,,,,,,,,,,,,,,,,,,,,,,,,,,,,,,,
ğŸ‘µ,older woman,older_woman,,,71: :older_woman: | :: | ::,,,,,,,,,,,,,,,,,,,,,,,,,,,,,,,,,,,,,,,,
ğŸ‘±,person with blond hair,person_with_blond_hair,,,72: :person_with_blond_hair: | :: | ::,boy,,,,,,,,,,,,,,,,,,,,,,,,,,,,,,,,,,,,,,,
ğŸ‘¼,baby angel,angel,,,73: :angel: | :: | ::,,,,,,,,,,,,,,,,,,,,,,,,,,,,,,,,,,,,,,,,
ğŸ‘¸,princess,princess,,,74: :princess: | :: | ::,blonde,crown,royal,,,,,,,,,,,,,,,,,,,,,,,,,,,,,,,,,,,,,
ğŸ˜º,smiling cat face with open mouth,smiley_cat,,,75: :smiley_cat: | :: | ::,,,,,,,,,,,,,,,,,,,,,,,,,,,,,,,,,,,,,,,,
ğŸ˜¸,grinning cat face with smiling eyes,smile_cat,,,76: :smile_cat: | :: | ::,,,,,,,,,,,,,,,,,,,,,,,,,,,,,,,,,,,,,,,,
ğŸ˜»,smiling cat face with heart-shaped eyes,heart_eyes_cat,,,77: :heart_eyes_cat: | :: | ::,,,,,,,,,,,,,,,,,,,,,,,,,,,,,,,,,,,,,,,,
ğŸ˜½,kissing cat face with closed eyes,kissing_cat,,,78: :kissing_cat: | :: | ::,,,,,,,,,,,,,,,,,,,,,,,,,,,,,,,,,,,,,,,,
ğŸ˜¼,cat face with wry smile,smirk_cat,,,79: :smirk_cat: | :: | ::,,,,,,,,,,,,,,,,,,,,,,,,,,,,,,,,,,,,,,,,
ğŸ™€,weary cat face,scream_cat,,,80: :scream_cat: | :: | ::,horror,,,,,,,,,,,,,,,,,,,,,,,,,,,,,,,,,,,,,,,
ğŸ˜¿,crying cat face,crying_cat_face,,,81: :crying_cat_face: | :: | ::,sad,tear,,,,,,,,,,,,,,,,,,,,,,,,,,,,,,,,,,,,,,
ğŸ˜¹,cat face with tears of joy,joy_cat,,,82: :joy_cat: | :: | ::,,,,,,,,,,,,,,,,,,,,,,,,,,,,,,,,,,,,,,,,
ğŸ˜¾,pouting cat face,pouting_cat,,,83: :pouting_cat: | :: | ::,,,,,,,,,,,,,,,,,,,,,,,,,,,,,,,,,,,,,,,,
ğŸ‘¹,japanese ogre,japanese_ogre,,,84: :japanese_ogre: | :: | ::,monster,,,,,,,,,,,,,,,,,,,,,,,,,,,,,,,,,,,,,,,
ğŸ‘º,japanese goblin,japanese_goblin,,,85: :japanese_goblin: | :: | ::,,,,,,,,,,,,,,,,,,,,,,,,,,,,,,,,,,,,,,,,
ğŸ™ˆ,see-no-evil monkey,see_no_evil,,,86: :see_no_evil: | :: | ::,monkey,blind,ignore,,,,,,,,,,,,,,,,,,,,,,,,,,,,,,,,,,,,,
ğŸ™‰,hear-no-evil monkey,hear_no_evil,,,87: :hear_no_evil: | :: | ::,monkey,deaf,,,,,,,,,,,,,,,,,,,,,,,,,,,,,,,,,,,,,,
ğŸ™Š,speak-no-evil monkey,speak_no_evil,,,88: :speak_no_evil: | :: | ::,monkey,mute,hush,,,,,,,,,,,,,,,,,,,,,,,,,,,,,,,,,,,,,
ğŸ’€,skull,skull,,,89: :skull: | :: | ::,dead,danger,poison,,,,,,,,,,,,,,,,,,,,,,,,,,,,,,,,,,,,,
ğŸ‘½,extraterrestrial alien,alien,,,90: :alien: | :: | ::,ufo,,,,,,,,,,,,,,,,,,,,,,,,,,,,,,,,,,,,,,,
ğŸ’©,pile of poo,hankey,poop,shit,91: :hankey: | :poop: | :shit:,crap,,,,,,,,,,,,,,,,,,,,,,,,,,,,,,,,,,,,,,,
ğŸ”¥,fire,fire,,,92: :fire: | :: | ::,burn,,,,,,,,,,,,,,,,,,,,,,,,,,,,,,,,,,,,,,,
âœ¨,sparkles,sparkles,,,93: :sparkles: | :: | ::,shiny,,,,,,,,,,,,,,,,,,,,,,,,,,,,,,,,,,,,,,,
ğŸŒŸ,glowing star,star2,,,94: :star2: | :: | ::,,,,,,,,,,,,,,,,,,,,,,,,,,,,,,,,,,,,,,,,
ğŸ’«,dizzy symbol,dizzy,,,95: :dizzy: | :: | ::,star,,,,,,,,,,,,,,,,,,,,,,,,,,,,,,,,,,,,,,,
ğŸ’¥,collision symbol,boom,collision,,96: :boom: | :collision: | ::,explode,,,,,,,,,,,,,,,,,,,,,,,,,,,,,,,,,,,,,,,
ğŸ’¢,anger symbol,anger,,,97: :anger: | :: | ::,angry,,,,,,,,,,,,,,,,,,,,,,,,,,,,,,,,,,,,,,,
ğŸ’¦,splashing sweat symbol,sweat_drops,,,98: :sweat_drops: | :: | ::,water,workout,,,,,,,,,,,,,,,,,,,,,,,,,,,,,,,,,,,,,,
ğŸ’§,droplet,droplet,,,99: :droplet: | :: | ::,water,,,,,,,,,,,,,,,,,,,,,,,,,,,,,,,,,,,,,,,
ğŸ’¤,sleeping symbol,zzz,,,100: :zzz: | :: | ::,sleeping,,,,,,,,,,,,,,,,,,,,,,,,,,,,,,,,,,,,,,,
ğŸ’¨,dash symbol,dash,,,101: :dash: | :: | ::,wind,blow,fast,,,,,,,,,,,,,,,,,,,,,,,,,,,,,,,,,,,,,
ğŸ‘‚,ear,ear,,,102: :ear: | :: | ::,hear,sound,listen,,,,,,,,,,,,,,,,,,,,,,,,,,,,,,,,,,,,,
ğŸ‘€,eyes,eyes,,,103: :eyes: | :: | ::,look,see,watch,,,,,,,,,,,,,,,,,,,,,,,,,,,,,,,,,,,,,
ğŸ‘ƒ,nose,nose,,,104: :nose: | :: | ::,smell,,,,,,,,,,,,,,,,,,,,,,,,,,,,,,,,,,,,,,,
ğŸ‘…,tongue,tongue,,,105: :tongue: | :: | ::,taste,,,,,,,,,,,,,,,,,,,,,,,,,,,,,,,,,,,,,,,
ğŸ‘„,mouth,lips,,,106: :lips: | :: | ::,kiss,,,,,,,,,,,,,,,,,,,,,,,,,,,,,,,,,,,,,,,
ğŸ‘,thumbs up sign,+1,thumbsup,,107: :+1: | :thumbsup: | ::,approve,ok,,,,,,,,,,,,,,,,,,,,,,,,,,,,,,,,,,,,,,
ğŸ‘,thumbs down sign,-1,thumbsdown,,108: :-1: | :thumbsdown: | ::,disapprove,bury,,,,,,,,,,,,,,,,,,,,,,,,,,,,,,,,,,,,,,
ğŸ‘Œ,ok hand sign,ok_hand,,,109: :ok_hand: | :: | ::,,,,,,,,,,,,,,,,,,,,,,,,,,,,,,,,,,,,,,,,
ğŸ‘Š,fisted hand sign,facepunch,punch,,110: :facepunch: | :punch: | ::,attack,,,,,,,,,,,,,,,,,,,,,,,,,,,,,,,,,,,,,,,
âœŠ,raised fist,fist,,,111: :fist: | :: | ::,power,,,,,,,,,,,,,,,,,,,,,,,,,,,,,,,,,,,,,,,
âœŒï¸,victory hand,v,,,112: :v: | :: | ::,victory,peace,,,,,,,,,,,,,,,,,,,,,,,,,,,,,,,,,,,,,,
ğŸ‘‹,waving hand sign,wave,,,113: :wave: | :: | ::,goodbye,,,,,,,,,,,,,,,,,,,,,,,,,,,,,,,,,,,,,,,
âœ‹,raised hand,hand,raised_hand,,114: :hand: | :raised_hand: | ::,highfive,stop,,,,,,,,,,,,,,,,,,,,,,,,,,,,,,,,,,,,,,
ğŸ‘,open hands sign,open_hands,,,115: :open_hands: | :: | ::,,,,,,,,,,,,,,,,,,,,,,,,,,,,,,,,,,,,,,,,
ğŸ‘†,white up pointing backhand index,point_up_2,,,116: :point_up_2: | :: | ::,,,,,,,,,,,,,,,,,,,,,,,,,,,,,,,,,,,,,,,,
ğŸ‘‡,white down pointing backhand index,point_down,,,117: :point_down: | :: | ::,,,,,,,,,,,,,,,,,,,,,,,,,,,,,,,,,,,,,,,,
ğŸ‘‰,white right pointing backhand index,point_right,,,118: :point_right: | :: | ::,,,,,,,,,,,,,,,,,,,,,,,,,,,,,,,,,,,,,,,,
ğŸ‘ˆ,white left pointing backhand index,point_left,,,119: :point_left: | :: | ::,,,,,,,,,,,,,,,,,,,,,,,,,,,,,,,,,,,,,,,,
ğŸ™Œ,person raising both hands in celebration,raised_hands,,,120: :raised_hands: | :: | ::,hooray,,,,,,,,,,,,,,,,,,,,,,,,,,,,,,,,,,,,,,,
ğŸ™,person with folded hands,pray,,,121: :pray: | :: | ::,please,hope,wish,,,,,,,,,,,,,,,,,,,,,,,,,,,,,,,,,,,,,
â˜ï¸,white up pointing index,point_up,,,122: :point_up: | :: | ::,,,,,,,,,,,,,,,,,,,,,,,,,,,,,,,,,,,,,,,,
ğŸ‘,clapping hands sign,clap,,,123: :clap: | :: | ::,praise,applause,,,,,,,,,,,,,,,,,,,,,,,,,,,,,,,,,,,,,,
ğŸ’ª,flexed biceps,muscle,,,124: :muscle: | :: | ::,flex,bicep,strong,workout,,,,,,,,,,,,,,,,,,,,,,,,,,,,,,,,,,,,
ğŸš¶,pedestrian,walking,,,125: :walking: | :: | ::,,,,,,,,,,,,,,,,,,,,,,,,,,,,,,,,,,,,,,,,
ğŸƒ,runner,runner,running,,126: :runner: | :running: | ::,exercise,workout,marathon,,,,,,,,,,,,,,,,,,,,,,,,,,,,,,,,,,,,,
ğŸ’ƒ,dancer,dancer,,,127: :dancer: | :: | ::,dress,,,,,,,,,,,,,,,,,,,,,,,,,,,,,,,,,,,,,,,
ğŸ‘«,man and woman holding hands,couple,,,128: :couple: | :: | ::,date,,,,,,,,,,,,,,,,,,,,,,,,,,,,,,,,,,,,,,,
ğŸ‘ª,family,family,,,129: :family: | :: | ::,home,parents,child,,,,,,,,,,,,,,,,,,,,,,,,,,,,,,,,,,,,,
ğŸ‘¬,two men holding hands,two_men_holding_hands,,,130: :two_men_holding_hands: | :: | ::,couple,date,,,,,,,,,,,,,,,,,,,,,,,,,,,,,,,,,,,,,,
ğŸ‘­,two women holding hands,two_women_holding_hands,,,131: :two_women_holding_hands: | :: | ::,couple,date,,,,,,,,,,,,,,,,,,,,,,,,,,,,,,,,,,,,,,
ğŸ’,kiss,couplekiss,,,132: :couplekiss: | :: | ::,,,,,,,,,,,,,,,,,,,,,,,,,,,,,,,,,,,,,,,,
ğŸ’‘,couple with heart,couple_with_heart,,,133: :couple_with_heart: | :: | ::,,,,,,,,,,,,,,,,,,,,,,,,,,,,,,,,,,,,,,,,
ğŸ‘¯,woman with bunny ears,dancers,,,134: :dancers: | :: | ::,bunny,,,,,,,,,,,,,,,,,,,,,,,,,,,,,,,,,,,,,,,
ğŸ™†,face with ok gesture,ok_woman,,,135: :ok_woman: | :: | ::,,,,,,,,,,,,,,,,,,,,,,,,,,,,,,,,,,,,,,,,
ğŸ™…,face with no good gesture,no_good,,,136: :no_good: | :: | ::,stop,halt,,,,,,,,,,,,,,,,,,,,,,,,,,,,,,,,,,,,,,
ğŸ’,information desk person,information_desk_person,,,137: :information_desk_person: | :: | ::,,,,,,,,,,,,,,,,,,,,,,,,,,,,,,,,,,,,,,,,
ğŸ™‹,happy person raising one hand,raising_hand,,,138: :raising_hand: | :: | ::,,,,,,,,,,,,,,,,,,,,,,,,,,,,,,,,,,,,,,,,
ğŸ’†,face massage,massage,,,139: :massage: | :: | ::,spa,,,,,,,,,,,,,,,,,,,,,,,,,,,,,,,,,,,,,,,
ğŸ’‡,haircut,haircut,,,140: :haircut: | :: | ::,beauty,,,,,,,,,,,,,,,,,,,,,,,,,,,,,,,,,,,,,,,
ğŸ’…,nail polish,nail_care,,,141: :nail_care: | :: | ::,beauty,manicure,,,,,,,,,,,,,,,,,,,,,,,,,,,,,,,,,,,,,,
ğŸ‘°,bride with veil,bride_with_veil,,,142: :bride_with_veil: | :: | ::,marriage,wedding,,,,,,,,,,,,,,,,,,,,,,,,,,,,,,,,,,,,,,
ğŸ™,person with pouting face,person_with_pouting_face,,,143: :person_with_pouting_face: | :: | ::,,,,,,,,,,,,,,,,,,,,,,,,,,,,,,,,,,,,,,,,
ğŸ™,person frowning,person_frowning,,,144: :person_frowning: | :: | ::,sad,,,,,,,,,,,,,,,,,,,,,,,,,,,,,,,,,,,,,,,
ğŸ™‡,person bowing deeply,bow,,,145: :bow: | :: | ::,respect,thanks,,,,,,,,,,,,,,,,,,,,,,,,,,,,,,,,,,,,,,
ğŸ©,top hat,tophat,,,146: :tophat: | :: | ::,hat,classy,,,,,,,,,,,,,,,,,,,,,,,,,,,,,,,,,,,,,,
ğŸ‘‘,crown,crown,,,147: :crown: | :: | ::,king,queen,royal,,,,,,,,,,,,,,,,,,,,,,,,,,,,,,,,,,,,,
ğŸ‘’,womans hat,womans_hat,,,148: :womans_hat: | :: | ::,,,,,,,,,,,,,,,,,,,,,,,,,,,,,,,,,,,,,,,,
ğŸ‘Ÿ,athletic shoe,athletic_shoe,,,149: :athletic_shoe: | :: | ::,sneaker,sport,running,,,,,,,,,,,,,,,,,,,,,,,,,,,,,,,,,,,,,
ğŸ‘,mans shoe,mans_shoe,shoe,,150: :mans_shoe: | :shoe: | ::,,,,,,,,,,,,,,,,,,,,,,,,,,,,,,,,,,,,,,,,
ğŸ‘¡,womans sandal,sandal,,,151: :sandal: | :: | ::,shoe,,,,,,,,,,,,,,,,,,,,,,,,,,,,,,,,,,,,,,,
ğŸ‘ ,high-heeled shoe,high_heel,,,152: :high_heel: | :: | ::,shoe,,,,,,,,,,,,,,,,,,,,,,,,,,,,,,,,,,,,,,,
ğŸ‘¢,womans boots,boot,,,153: :boot: | :: | ::,,,,,,,,,,,,,,,,,,,,,,,,,,,,,,,,,,,,,,,,
ğŸ‘•,t-shirt,shirt,tshirt,,154: :shirt: | :tshirt: | ::,,,,,,,,,,,,,,,,,,,,,,,,,,,,,,,,,,,,,,,,
ğŸ‘”,necktie,necktie,,,155: :necktie: | :: | ::,shirt,formal,,,,,,,,,,,,,,,,,,,,,,,,,,,,,,,,,,,,,,
ğŸ‘š,womans clothes,womans_clothes,,,156: :womans_clothes: | :: | ::,,,,,,,,,,,,,,,,,,,,,,,,,,,,,,,,,,,,,,,,
ğŸ‘—,dress,dress,,,157: :dress: | :: | ::,,,,,,,,,,,,,,,,,,,,,,,,,,,,,,,,,,,,,,,,
ğŸ½,running shirt with sash,running_shirt_with_sash,,,158: :running_shirt_with_sash: | :: | ::,marathon,,,,,,,,,,,,,,,,,,,,,,,,,,,,,,,,,,,,,,,
ğŸ‘–,jeans,jeans,,,159: :jeans: | :: | ::,pants,,,,,,,,,,,,,,,,,,,,,,,,,,,,,,,,,,,,,,,
ğŸ‘˜,kimono,kimono,,,160: :kimono: | :: | ::,,,,,,,,,,,,,,,,,,,,,,,,,,,,,,,,,,,,,,,,
ğŸ‘™,bikini,bikini,,,161: :bikini: | :: | ::,beach,,,,,,,,,,,,,,,,,,,,,,,,,,,,,,,,,,,,,,,
ğŸ’¼,briefcase,briefcase,,,162: :briefcase: | :: | ::,business,,,,,,,,,,,,,,,,,,,,,,,,,,,,,,,,,,,,,,,
ğŸ‘œ,handbag,handbag,,,163: :handbag: | :: | ::,bag,,,,,,,,,,,,,,,,,,,,,,,,,,,,,,,,,,,,,,,
ğŸ‘,pouch,pouch,,,164: :pouch: | :: | ::,bag,,,,,,,,,,,,,,,,,,,,,,,,,,,,,,,,,,,,,,,
ğŸ‘›,purse,purse,,,165: :purse: | :: | ::,,,,,,,,,,,,,,,,,,,,,,,,,,,,,,,,,,,,,,,,
ğŸ‘“,eyeglasses,eyeglasses,,,166: :eyeglasses: | :: | ::,glasses,,,,,,,,,,,,,,,,,,,,,,,,,,,,,,,,,,,,,,,
ğŸ€,ribbon,ribbon,,,167: :ribbon: | :: | ::,,,,,,,,,,,,,,,,,,,,,,,,,,,,,,,,,,,,,,,,
ğŸŒ‚,closed umbrella,closed_umbrella,,,168: :closed_umbrella: | :: | ::,weather,rain,,,,,,,,,,,,,,,,,,,,,,,,,,,,,,,,,,,,,,
ğŸ’„,lipstick,lipstick,,,169: :lipstick: | :: | ::,makeup,,,,,,,,,,,,,,,,,,,,,,,,,,,,,,,,,,,,,,,
ğŸ’›,yellow heart,yellow_heart,,,170: :yellow_heart: | :: | ::,,,,,,,,,,,,,,,,,,,,,,,,,,,,,,,,,,,,,,,,
ğŸ’™,blue heart,blue_heart,,,171: :blue_heart: | :: | ::,,,,,,,,,,,,,,,,,,,,,,,,,,,,,,,,,,,,,,,,
ğŸ’œ,purple heart,purple_heart,,,172: :purple_heart: | :: | ::,,,,,,,,,,,,,,,,,,,,,,,,,,,,,,,,,,,,,,,,
ğŸ’š,green heart,green_heart,,,173: :green_heart: | :: | ::,,,,,,,,,,,,,,,,,,,,,,,,,,,,,,,,,,,,,,,,
â¤ï¸,heavy black heart,heart,,,174: :heart: | :: | ::,love,,,,<3,,,,,,,,,,,,,,,,,,,,,,,,,,,,,,,,,,,
ğŸ’”,broken heart,broken_heart,,,175: :broken_heart: | :: | ::,,,,,<\3,</3,,,,,,,,,,,,,,,,,,,,,,,,,,,,,,,,,,
ğŸ’—,growing heart,heartpulse,,,176: :heartpulse: | :: | ::,,,,,,,,,,,,,,,,,,,,,,,,,,,,,,,,,,,,,,,,
ğŸ’“,beating heart,heartbeat,,,177: :heartbeat: | :: | ::,,,,,,,,,,,,,,,,,,,,,,,,,,,,,,,,,,,,,,,,
ğŸ’•,two hearts,two_hearts,,,178: :two_hearts: | :: | ::,,,,,,,,,,,,,,,,,,,,,,,,,,,,,,,,,,,,,,,,
ğŸ’–,sparkling heart,sparkling_heart,,,179: :sparkling_heart: | :: | ::,,,,,,,,,,,,,,,,,,,,,,,,,,,,,,,,,,,,,,,,
ğŸ’,revolving hearts,revolving_hearts,,,180: :revolving_hearts: | :: | ::,,,,,,,,,,,,,,,,,,,,,,,,,,,,,,,,,,,,,,,,
ğŸ’˜,heart with arrow,cupid,,,181: :cupid: | :: | ::,love,heart,,,,,,,,,,,,,,,,,,,,,,,,,,,,,,,,,,,,,,
ğŸ’Œ,love letter,love_letter,,,182: :love_letter: | :: | ::,email,envelope,,,,,,,,,,,,,,,,,,,,,,,,,,,,,,,,,,,,,,
ğŸ’‹,kiss mark,kiss,,,183: :kiss: | :: | ::,lipstick,,,,,,,,,,,,,,,,,,,,,,,,,,,,,,,,,,,,,,,
ğŸ’,ring,ring,,,184: :ring: | :: | ::,wedding,marriage,engaged,,,,,,,,,,,,,,,,,,,,,,,,,,,,,,,,,,,,,
ğŸ’,gem stone,gem,,,185: :gem: | :: | ::,diamond,,,,,,,,,,,,,,,,,,,,,,,,,,,,,,,,,,,,,,,
ğŸ‘¤,bust in silhouette,bust_in_silhouette,,,186: :bust_in_silhouette: | :: | ::,user,,,,,,,,,,,,,,,,,,,,,,,,,,,,,,,,,,,,,,,
ğŸ‘¥,busts in silhouette,busts_in_silhouette,,,187: :busts_in_silhouette: | :: | ::,users,group,team,,,,,,,,,,,,,,,,,,,,,,,,,,,,,,,,,,,,,
ğŸ’¬,speech balloon,speech_balloon,,,188: :speech_balloon: | :: | ::,comment,,,,,,,,,,,,,,,,,,,,,,,,,,,,,,,,,,,,,,,
ğŸ‘£,footprints,footprints,,,189: :footprints: | :: | ::,feet,tracks,,,,,,,,,,,,,,,,,,,,,,,,,,,,,,,,,,,,,,
ğŸ’­,thought balloon,thought_balloon,,,190: :thought_balloon: | :: | ::,thinking,,,,,,,,,,,,,,,,,,,,,,,,,,,,,,,,,,,,,,,
ğŸ¶,dog face,dog,,,191: :dog: | :: | ::,pet,,,,,,,,,,,,,,,,,,,,,,,,,,,,,,,,,,,,,,,
ğŸº,wolf face,wolf,,,192: :wolf: | :: | ::,,,,,,,,,,,,,,,,,,,,,,,,,,,,,,,,,,,,,,,,
ğŸ±,cat face,cat,,,193: :cat: | :: | ::,pet,,,,,,,,,,,,,,,,,,,,,,,,,,,,,,,,,,,,,,,
ğŸ­,mouse face,mouse,,,194: :mouse: | :: | ::,,,,,,,,,,,,,,,,,,,,,,,,,,,,,,,,,,,,,,,,
ğŸ¹,hamster face,hamster,,,195: :hamster: | :: | ::,pet,,,,,,,,,,,,,,,,,,,,,,,,,,,,,,,,,,,,,,,
ğŸ°,rabbit face,rabbit,,,196: :rabbit: | :: | ::,bunny,,,,,,,,,,,,,,,,,,,,,,,,,,,,,,,,,,,,,,,
ğŸ¸,frog face,frog,,,197: :frog: | :: | ::,,,,,,,,,,,,,,,,,,,,,,,,,,,,,,,,,,,,,,,,
ğŸ¯,tiger face,tiger,,,198: :tiger: | :: | ::,,,,,,,,,,,,,,,,,,,,,,,,,,,,,,,,,,,,,,,,
ğŸ¨,koala,koala,,,199: :koala: | :: | ::,,,,,,,,,,,,,,,,,,,,,,,,,,,,,,,,,,,,,,,,
ğŸ»,bear face,bear,,,200: :bear: | :: | ::,,,,,,,,,,,,,,,,,,,,,,,,,,,,,,,,,,,,,,,,
ğŸ·,pig face,pig,,,201: :pig: | :: | ::,,,,,,,,,,,,,,,,,,,,,,,,,,,,,,,,,,,,,,,,
ğŸ½,pig nose,pig_nose,,,202: :pig_nose: | :: | ::,,,,,,,,,,,,,,,,,,,,,,,,,,,,,,,,,,,,,,,,
ğŸ®,cow face,cow,,,203: :cow: | :: | ::,,,,,,,,,,,,,,,,,,,,,,,,,,,,,,,,,,,,,,,,
ğŸ—,boar,boar,,,204: :boar: | :: | ::,,,,,,,,,,,,,,,,,,,,,,,,,,,,,,,,,,,,,,,,
ğŸµ,monkey face,monkey_face,,,205: :monkey_face: | :: | ::,,,,,,,,,,,,,,,,,,,,,,,,,,,,,,,,,,,,,,,,
ğŸ’,monkey,monkey,,,206: :monkey: | :: | ::,,,,,,,,,,,,,,,,,,,,,,,,,,,,,,,,,,,,,,,,
ğŸ´,horse face,horse,,,207: :horse: | :: | ::,,,,,,,,,,,,,,,,,,,,,,,,,,,,,,,,,,,,,,,,
ğŸ‘,sheep,sheep,,,208: :sheep: | :: | ::,,,,,,,,,,,,,,,,,,,,,,,,,,,,,,,,,,,,,,,,
ğŸ˜,elephant,elephant,,,209: :elephant: | :: | ::,,,,,,,,,,,,,,,,,,,,,,,,,,,,,,,,,,,,,,,,
ğŸ¼,panda face,panda_face,,,210: :panda_face: | :: | ::,,,,,,,,,,,,,,,,,,,,,,,,,,,,,,,,,,,,,,,,
ğŸ§,penguin,penguin,,,211: :penguin: | :: | ::,,,,,,,,,,,,,,,,,,,,,,,,,,,,,,,,,,,,,,,,
ğŸ¦,bird,bird,,,212: :bird: | :: | ::,,,,,,,,,,,,,,,,,,,,,,,,,,,,,,,,,,,,,,,,
ğŸ¤,baby chick,baby_chick,,,213: :baby_chick: | :: | ::,,,,,,,,,,,,,,,,,,,,,,,,,,,,,,,,,,,,,,,,
ğŸ¥,front-facing baby chick,hatched_chick,,,214: :hatched_chick: | :: | ::,,,,,,,,,,,,,,,,,,,,,,,,,,,,,,,,,,,,,,,,
ğŸ£,hatching chick,hatching_chick,,,215: :hatching_chick: | :: | ::,,,,,,,,,,,,,,,,,,,,,,,,,,,,,,,,,,,,,,,,
ğŸ”,chicken,chicken,,,216: :chicken: | :: | ::,,,,,,,,,,,,,,,,,,,,,,,,,,,,,,,,,,,,,,,,
ğŸ,snake,snake,,,217: :snake: | :: | ::,,,,,,,,,,,,,,,,,,,,,,,,,,,,,,,,,,,,,,,,
ğŸ¢,turtle,turtle,,,218: :turtle: | :: | ::,slow,,,,,,,,,,,,,,,,,,,,,,,,,,,,,,,,,,,,,,,
ğŸ›,bug,bug,,,219: :bug: | :: | ::,,,,,,,,,,,,,,,,,,,,,,,,,,,,,,,,,,,,,,,,
ğŸ,honeybee,bee,honeybee,,220: :bee: | :honeybee: | ::,,,,,,,,,,,,,,,,,,,,,,,,,,,,,,,,,,,,,,,,
ğŸœ,ant,ant,,,221: :ant: | :: | ::,,,,,,,,,,,,,,,,,,,,,,,,,,,,,,,,,,,,,,,,
ğŸ,lady beetle,beetle,,,222: :beetle: | :: | ::,bug,,,,,,,,,,,,,,,,,,,,,,,,,,,,,,,,,,,,,,,
ğŸŒ,snail,snail,,,223: :snail: | :: | ::,slow,,,,,,,,,,,,,,,,,,,,,,,,,,,,,,,,,,,,,,,
ğŸ™,octopus,octopus,,,224: :octopus: | :: | ::,,,,,,,,,,,,,,,,,,,,,,,,,,,,,,,,,,,,,,,,
ğŸš,spiral shell,shell,,,225: :shell: | :: | ::,sea,beach,,,,,,,,,,,,,,,,,,,,,,,,,,,,,,,,,,,,,,
ğŸ ,tropical fish,tropical_fish,,,226: :tropical_fish: | :: | ::,,,,,,,,,,,,,,,,,,,,,,,,,,,,,,,,,,,,,,,,
ğŸŸ,fish,fish,,,227: :fish: | :: | ::,,,,,,,,,,,,,,,,,,,,,,,,,,,,,,,,,,,,,,,,
ğŸ¬,dolphin,dolphin,flipper,,228: :dolphin: | :flipper: | ::,,,,,,,,,,,,,,,,,,,,,,,,,,,,,,,,,,,,,,,,
ğŸ³,spouting whale,whale,,,229: :whale: | :: | ::,sea,,,,,,,,,,,,,,,,,,,,,,,,,,,,,,,,,,,,,,,
ğŸ‹,whale,whale2,,,230: :whale2: | :: | ::,,,,,,,,,,,,,,,,,,,,,,,,,,,,,,,,,,,,,,,,
ğŸ„,cow,cow2,,,231: :cow2: | :: | ::,,,,,,,,,,,,,,,,,,,,,,,,,,,,,,,,,,,,,,,,
ğŸ,ram,ram,,,232: :ram: | :: | ::,,,,,,,,,,,,,,,,,,,,,,,,,,,,,,,,,,,,,,,,
ğŸ€,rat,rat,,,233: :rat: | :: | ::,,,,,,,,,,,,,,,,,,,,,,,,,,,,,,,,,,,,,,,,
ğŸƒ,water buffalo,water_buffalo,,,234: :water_buffalo: | :: | ::,,,,,,,,,,,,,,,,,,,,,,,,,,,,,,,,,,,,,,,,
ğŸ…,tiger,tiger2,,,235: :tiger2: | :: | ::,,,,,,,,,,,,,,,,,,,,,,,,,,,,,,,,,,,,,,,,
ğŸ‡,rabbit,rabbit2,,,236: :rabbit2: | :: | ::,,,,,,,,,,,,,,,,,,,,,,,,,,,,,,,,,,,,,,,,
ğŸ‰,dragon,dragon,,,237: :dragon: | :: | ::,,,,,,,,,,,,,,,,,,,,,,,,,,,,,,,,,,,,,,,,
ğŸ,horse,racehorse,,,238: :racehorse: | :: | ::,speed,,,,,,,,,,,,,,,,,,,,,,,,,,,,,,,,,,,,,,,
ğŸ,goat,goat,,,239: :goat: | :: | ::,,,,,,,,,,,,,,,,,,,,,,,,,,,,,,,,,,,,,,,,
ğŸ“,rooster,rooster,,,240: :rooster: | :: | ::,,,,,,,,,,,,,,,,,,,,,,,,,,,,,,,,,,,,,,,,
ğŸ•,dog,dog2,,,241: :dog2: | :: | ::,,,,,,,,,,,,,,,,,,,,,,,,,,,,,,,,,,,,,,,,
ğŸ–,pig,pig2,,,242: :pig2: | :: | ::,,,,,,,,,,,,,,,,,,,,,,,,,,,,,,,,,,,,,,,,
ğŸ,mouse,mouse2,,,243: :mouse2: | :: | ::,,,,,,,,,,,,,,,,,,,,,,,,,,,,,,,,,,,,,,,,
ğŸ‚,ox,ox,,,244: :ox: | :: | ::,,,,,,,,,,,,,,,,,,,,,,,,,,,,,,,,,,,,,,,,
ğŸ²,dragon face,dragon_face,,,245: :dragon_face: | :: | ::,,,,,,,,,,,,,,,,,,,,,,,,,,,,,,,,,,,,,,,,
ğŸ¡,blowfish,blowfish,,,246: :blowfish: | :: | ::,,,,,,,,,,,,,,,,,,,,,,,,,,,,,,,,,,,,,,,,
ğŸŠ,crocodile,crocodile,,,247: :crocodile: | :: | ::,,,,,,,,,,,,,,,,,,,,,,,,,,,,,,,,,,,,,,,,
ğŸ«,bactrian camel,camel,,,248: :camel: | :: | ::,,,,,,,,,,,,,,,,,,,,,,,,,,,,,,,,,,,,,,,,
ğŸª,dromedary camel,dromedary_camel,,,249: :dromedary_camel: | :: | ::,desert,,,,,,,,,,,,,,,,,,,,,,,,,,,,,,,,,,,,,,,
ğŸ†,leopard,leopard,,,250: :leopard: | :: | ::,,,,,,,,,,,,,,,,,,,,,,,,,,,,,,,,,,,,,,,,
ğŸˆ,cat,cat2,,,251: :cat2: | :: | ::,,,,,,,,,,,,,,,,,,,,,,,,,,,,,,,,,,,,,,,,
ğŸ©,poodle,poodle,,,252: :poodle: | :: | ::,dog,,,,,,,,,,,,,,,,,,,,,,,,,,,,,,,,,,,,,,,
ğŸ¾,paw prints,feet,paw_prints,,253: :feet: | :paw_prints: | ::,,,,,,,,,,,,,,,,,,,,,,,,,,,,,,,,,,,,,,,,
ğŸ’,bouquet,bouquet,,,254: :bouquet: | :: | ::,flowers,,,,,,,,,,,,,,,,,,,,,,,,,,,,,,,,,,,,,,,
ğŸŒ¸,cherry blossom,cherry_blossom,,,255: :cherry_blossom: | :: | ::,flower,spring,,,,,,,,,,,,,,,,,,,,,,,,,,,,,,,,,,,,,,
ğŸŒ·,tulip,tulip,,,256: :tulip: | :: | ::,flower,,,,,,,,,,,,,,,,,,,,,,,,,,,,,,,,,,,,,,,
ğŸ€,four leaf clover,four_leaf_clover,,,257: :four_leaf_clover: | :: | ::,luck,,,,,,,,,,,,,,,,,,,,,,,,,,,,,,,,,,,,,,,
ğŸŒ¹,rose,rose,,,258: :rose: | :: | ::,flower,,,,,,,,,,,,,,,,,,,,,,,,,,,,,,,,,,,,,,,
ğŸŒ»,sunflower,sunflower,,,259: :sunflower: | :: | ::,,,,,,,,,,,,,,,,,,,,,,,,,,,,,,,,,,,,,,,,
ğŸŒº,hibiscus,hibiscus,,,260: :hibiscus: | :: | ::,,,,,,,,,,,,,,,,,,,,,,,,,,,,,,,,,,,,,,,,
ğŸ,maple leaf,maple_leaf,,,261: :maple_leaf: | :: | ::,canada,,,,,,,,,,,,,,,,,,,,,,,,,,,,,,,,,,,,,,,
ğŸƒ,leaf fluttering in wind,leaves,,,262: :leaves: | :: | ::,leaf,,,,,,,,,,,,,,,,,,,,,,,,,,,,,,,,,,,,,,,
ğŸ‚,fallen leaf,fallen_leaf,,,263: :fallen_leaf: | :: | ::,autumn,,,,,,,,,,,,,,,,,,,,,,,,,,,,,,,,,,,,,,,
ğŸŒ¿,herb,herb,,,264: :herb: | :: | ::,,,,,,,,,,,,,,,,,,,,,,,,,,,,,,,,,,,,,,,,
ğŸŒ¾,ear of rice,ear_of_rice,,,265: :ear_of_rice: | :: | ::,,,,,,,,,,,,,,,,,,,,,,,,,,,,,,,,,,,,,,,,
ğŸ„,mushroom,mushroom,,,266: :mushroom: | :: | ::,,,,,,,,,,,,,,,,,,,,,,,,,,,,,,,,,,,,,,,,
ğŸŒµ,cactus,cactus,,,267: :cactus: | :: | ::,,,,,,,,,,,,,,,,,,,,,,,,,,,,,,,,,,,,,,,,
ğŸŒ´,palm tree,palm_tree,,,268: :palm_tree: | :: | ::,,,,,,,,,,,,,,,,,,,,,,,,,,,,,,,,,,,,,,,,
ğŸŒ²,evergreen tree,evergreen_tree,,,269: :evergreen_tree: | :: | ::,wood,,,,,,,,,,,,,,,,,,,,,,,,,,,,,,,,,,,,,,,
ğŸŒ³,deciduous tree,deciduous_tree,,,270: :deciduous_tree: | :: | ::,wood,,,,,,,,,,,,,,,,,,,,,,,,,,,,,,,,,,,,,,,
ğŸŒ°,chestnut,chestnut,,,271: :chestnut: | :: | ::,,,,,,,,,,,,,,,,,,,,,,,,,,,,,,,,,,,,,,,,
ğŸŒ±,seedling,seedling,,,272: :seedling: | :: | ::,plant,,,,,,,,,,,,,,,,,,,,,,,,,,,,,,,,,,,,,,,
ğŸŒ¼,blossom,blossom,,,273: :blossom: | :: | ::,,,,,,,,,,,,,,,,,,,,,,,,,,,,,,,,,,,,,,,,
ğŸŒ,globe with meridians,globe_with_meridians,,,274: :globe_with_meridians: | :: | ::,world,global,international,,,,,,,,,,,,,,,,,,,,,,,,,,,,,,,,,,,,,
ğŸŒ,sun with face,sun_with_face,,,275: :sun_with_face: | :: | ::,summer,,,,,,,,,,,,,,,,,,,,,,,,,,,,,,,,,,,,,,,
ğŸŒ,full moon with face,full_moon_with_face,,,276: :full_moon_with_face: | :: | ::,,,,,,,,,,,,,,,,,,,,,,,,,,,,,,,,,,,,,,,,
ğŸŒš,new moon with face,new_moon_with_face,,,277: :new_moon_with_face: | :: | ::,,,,,,,,,,,,,,,,,,,,,,,,,,,,,,,,,,,,,,,,
ğŸŒ‘,new moon symbol,new_moon,,,278: :new_moon: | :: | ::,,,,,,,,,,,,,,,,,,,,,,,,,,,,,,,,,,,,,,,,
ğŸŒ’,waxing crescent moon symbol,waxing_crescent_moon,,,279: :waxing_crescent_moon: | :: | ::,,,,,,,,,,,,,,,,,,,,,,,,,,,,,,,,,,,,,,,,
ğŸŒ“,first quarter moon symbol,first_quarter_moon,,,280: :first_quarter_moon: | :: | ::,,,,,,,,,,,,,,,,,,,,,,,,,,,,,,,,,,,,,,,,
ğŸŒ”,waxing gibbous moon symbol,moon,waxing_gibbous_moon,,281: :moon: | :waxing_gibbous_moon: | ::,,,,,,,,,,,,,,,,,,,,,,,,,,,,,,,,,,,,,,,,
ğŸŒ•,full moon symbol,full_moon,,,282: :full_moon: | :: | ::,,,,,,,,,,,,,,,,,,,,,,,,,,,,,,,,,,,,,,,,
ğŸŒ–,waning gibbous moon symbol,waning_gibbous_moon,,,283: :waning_gibbous_moon: | :: | ::,,,,,,,,,,,,,,,,,,,,,,,,,,,,,,,,,,,,,,,,
ğŸŒ—,last quarter moon symbol,last_quarter_moon,,,284: :last_quarter_moon: | :: | ::,,,,,,,,,,,,,,,,,,,,,,,,,,,,,,,,,,,,,,,,
ğŸŒ˜,waning crescent moon symbol,waning_crescent_moon,,,285: :waning_crescent_moon: | :: | ::,,,,,,,,,,,,,,,,,,,,,,,,,,,,,,,,,,,,,,,,
ğŸŒœ,last quarter moon with face,last_quarter_moon_with_face,,,286: :last_quarter_moon_with_face: | :: | ::,,,,,,,,,,,,,,,,,,,,,,,,,,,,,,,,,,,,,,,,
ğŸŒ›,first quarter moon with face,first_quarter_moon_with_face,,,287: :first_quarter_moon_with_face: | :: | ::,,,,,,,,,,,,,,,,,,,,,,,,,,,,,,,,,,,,,,,,
ğŸŒ™,crescent moon,crescent_moon,,,288: :crescent_moon: | :: | ::,night,,,,,,,,,,,,,,,,,,,,,,,,,,,,,,,,,,,,,,,
ğŸŒ,earth globe europe-africa,earth_africa,,,289: :earth_africa: | :: | ::,globe,world,international,,,,,,,,,,,,,,,,,,,,,,,,,,,,,,,,,,,,,
ğŸŒ,earth globe americas,earth_americas,,,290: :earth_americas: | :: | ::,globe,world,international,,,,,,,,,,,,,,,,,,,,,,,,,,,,,,,,,,,,,
ğŸŒ,earth globe asia-australia,earth_asia,,,291: :earth_asia: | :: | ::,globe,world,international,,,,,,,,,,,,,,,,,,,,,,,,,,,,,,,,,,,,,
ğŸŒ‹,volcano,volcano,,,292: :volcano: | :: | ::,,,,,,,,,,,,,,,,,,,,,,,,,,,,,,,,,,,,,,,,
ğŸŒŒ,milky way,milky_way,,,293: :milky_way: | :: | ::,,,,,,,,,,,,,,,,,,,,,,,,,,,,,,,,,,,,,,,,
ğŸŒ ,shooting star,stars,,,294: :stars: | :: | ::,,,,,,,,,,,,,,,,,,,,,,,,,,,,,,,,,,,,,,,,
â­,white medium star,star,,,295: :star: | :: | ::,,,,,,,,,,,,,,,,,,,,,,,,,,,,,,,,,,,,,,,,
â˜€ï¸,black sun with rays,sunny,,,296: :sunny: | :: | ::,weather,,,,,,,,,,,,,,,,,,,,,,,,,,,,,,,,,,,,,,,
â›…,sun behind cloud,partly_sunny,,,297: :partly_sunny: | :: | ::,weather,cloud,,,,,,,,,,,,,,,,,,,,,,,,,,,,,,,,,,,,,,
â˜ï¸,cloud,cloud,,,298: :cloud: | :: | ::,,,,,,,,,,,,,,,,,,,,,,,,,,,,,,,,,,,,,,,,
âš¡,high voltage sign,zap,,,299: :zap: | :: | ::,lightning,thunder,,,,,,,,,,,,,,,,,,,,,,,,,,,,,,,,,,,,,,
â˜”,umbrella with rain drops,umbrella,,,300: :umbrella: | :: | ::,rain,weather,,,,,,,,,,,,,,,,,,,,,,,,,,,,,,,,,,,,,,
â„ï¸,snowflake,snowflake,,,301: :snowflake: | :: | ::,winter,cold,weather,,,,,,,,,,,,,,,,,,,,,,,,,,,,,,,,,,,,,
â›„,snowman without snow,snowman,,,302: :snowman: | :: | ::,winter,christmas,,,,,,,,,,,,,,,,,,,,,,,,,,,,,,,,,,,,,,
ğŸŒ€,cyclone,cyclone,,,303: :cyclone: | :: | ::,swirl,,,,,,,,,,,,,,,,,,,,,,,,,,,,,,,,,,,,,,,
ğŸŒ,foggy,foggy,,,304: :foggy: | :: | ::,karl,,,,,,,,,,,,,,,,,,,,,,,,,,,,,,,,,,,,,,,
ğŸŒˆ,rainbow,rainbow,,,305: :rainbow: | :: | ::,pride,,,,,,,,,,,,,,,,,,,,,,,,,,,,,,,,,,,,,,,
ğŸŒŠ,water wave,ocean,,,306: :ocean: | :: | ::,sea,,,,,,,,,,,,,,,,,,,,,,,,,,,,,,,,,,,,,,,
ğŸ,pine decoration,bamboo,,,307: :bamboo: | :: | ::,,,,,,,,,,,,,,,,,,,,,,,,,,,,,,,,,,,,,,,,
ğŸ’,heart with ribbon,gift_heart,,,308: :gift_heart: | :: | ::,chocolates,,,,,,,,,,,,,,,,,,,,,,,,,,,,,,,,,,,,,,,
ğŸ,japanese dolls,dolls,,,309: :dolls: | :: | ::,,,,,,,,,,,,,,,,,,,,,,,,,,,,,,,,,,,,,,,,
ğŸ’,school satchel,school_satchel,,,310: :school_satchel: | :: | ::,,,,,,,,,,,,,,,,,,,,,,,,,,,,,,,,,,,,,,,,
ğŸ“,graduation cap,mortar_board,,,311: :mortar_board: | :: | ::,education,college,university,graduation,,,,,,,,,,,,,,,,,,,,,,,,,,,,,,,,,,,,
ğŸ,carp streamer,flags,,,312: :flags: | :: | ::,,,,,,,,,,,,,,,,,,,,,,,,,,,,,,,,,,,,,,,,
ğŸ†,fireworks,fireworks,,,313: :fireworks: | :: | ::,festival,celebration,,,,,,,,,,,,,,,,,,,,,,,,,,,,,,,,,,,,,,
ğŸ‡,firework sparkler,sparkler,,,314: :sparkler: | :: | ::,,,,,,,,,,,,,,,,,,,,,,,,,,,,,,,,,,,,,,,,
ğŸ,wind chime,wind_chime,,,315: :wind_chime: | :: | ::,,,,,,,,,,,,,,,,,,,,,,,,,,,,,,,,,,,,,,,,
ğŸ‘,moon viewing ceremony,rice_scene,,,316: :rice_scene: | :: | ::,,,,,,,,,,,,,,,,,,,,,,,,,,,,,,,,,,,,,,,,
ğŸƒ,jack-o-lantern,jack_o_lantern,,,317: :jack_o_lantern: | :: | ::,halloween,,,,,,,,,,,,,,,,,,,,,,,,,,,,,,,,,,,,,,,
ğŸ‘»,ghost,ghost,,,318: :ghost: | :: | ::,halloween,,,,,,,,,,,,,,,,,,,,,,,,,,,,,,,,,,,,,,,
ğŸ…,father christmas,santa,,,319: :santa: | :: | ::,christmas,,,,,,,,,,,,,,,,,,,,,,,,,,,,,,,,,,,,,,,
ğŸ„,christmas tree,christmas_tree,,,320: :christmas_tree: | :: | ::,,,,,,,,,,,,,,,,,,,,,,,,,,,,,,,,,,,,,,,,
ğŸ,wrapped present,gift,,,321: :gift: | :: | ::,present,birthday,christmas,,,,,,,,,,,,,,,,,,,,,,,,,,,,,,,,,,,,,
ğŸ‹,tanabata tree,tanabata_tree,,,322: :tanabata_tree: | :: | ::,,,,,,,,,,,,,,,,,,,,,,,,,,,,,,,,,,,,,,,,
ğŸ‰,party popper,tada,,,323: :tada: | :: | ::,party,,,,,,,,,,,,,,,,,,,,,,,,,,,,,,,,,,,,,,,
ğŸŠ,confetti ball,confetti_ball,,,324: :confetti_ball: | :: | ::,,,,,,,,,,,,,,,,,,,,,,,,,,,,,,,,,,,,,,,,
ğŸˆ,balloon,balloon,,,325: :balloon: | :: | ::,party,birthday,,,,,,,,,,,,,,,,,,,,,,,,,,,,,,,,,,,,,,
ğŸŒ,crossed flags,crossed_flags,,,326: :crossed_flags: | :: | ::,,,,,,,,,,,,,,,,,,,,,,,,,,,,,,,,,,,,,,,,
ğŸ”®,crystal ball,crystal_ball,,,327: :crystal_ball: | :: | ::,fortune,,,,,,,,,,,,,,,,,,,,,,,,,,,,,,,,,,,,,,,
ğŸ¥,movie camera,movie_camera,,,328: :movie_camera: | :: | ::,film,video,,,,,,,,,,,,,,,,,,,,,,,,,,,,,,,,,,,,,,
ğŸ“·,camera,camera,,,329: :camera: | :: | ::,photo,,,,,,,,,,,,,,,,,,,,,,,,,,,,,,,,,,,,,,,
ğŸ“¹,video camera,video_camera,,,330: :video_camera: | :: | ::,,,,,,,,,,,,,,,,,,,,,,,,,,,,,,,,,,,,,,,,
ğŸ“¼,videocassette,vhs,,,331: :vhs: | :: | ::,,,,,,,,,,,,,,,,,,,,,,,,,,,,,,,,,,,,,,,,
ğŸ’¿,optical disc,cd,,,332: :cd: | :: | ::,,,,,,,,,,,,,,,,,,,,,,,,,,,,,,,,,,,,,,,,
ğŸ“€,dvd,dvd,,,333: :dvd: | :: | ::,,,,,,,,,,,,,,,,,,,,,,,,,,,,,,,,,,,,,,,,
ğŸ’½,minidisc,minidisc,,,334: :minidisc: | :: | ::,,,,,,,,,,,,,,,,,,,,,,,,,,,,,,,,,,,,,,,,
ğŸ’¾,floppy disk,floppy_disk,,,335: :floppy_disk: | :: | ::,save,,,,,,,,,,,,,,,,,,,,,,,,,,,,,,,,,,,,,,,
ğŸ’»,personal computer,computer,,,336: :computer: | :: | ::,desktop,screen,,,,,,,,,,,,,,,,,,,,,,,,,,,,,,,,,,,,,,
ğŸ“±,mobile phone,iphone,,,337: :iphone: | :: | ::,smartphone,mobile,,,,,,,,,,,,,,,,,,,,,,,,,,,,,,,,,,,,,,
â˜ï¸,black telephone,phone,telephone,,338: :phone: | :telephone: | ::,,,,,,,,,,,,,,,,,,,,,,,,,,,,,,,,,,,,,,,,
ğŸ“,telephone receiver,telephone_receiver,,,339: :telephone_receiver: | :: | ::,phone,call,,,,,,,,,,,,,,,,,,,,,,,,,,,,,,,,,,,,,,
ğŸ“Ÿ,pager,pager,,,340: :pager: | :: | ::,,,,,,,,,,,,,,,,,,,,,,,,,,,,,,,,,,,,,,,,
ğŸ“ ,fax machine,fax,,,341: :fax: | :: | ::,,,,,,,,,,,,,,,,,,,,,,,,,,,,,,,,,,,,,,,,
ğŸ“¡,satellite antenna,satellite,,,342: :satellite: | :: | ::,signal,,,,,,,,,,,,,,,,,,,,,,,,,,,,,,,,,,,,,,,
ğŸ“º,television,tv,,,343: :tv: | :: | ::,,,,,,,,,,,,,,,,,,,,,,,,,,,,,,,,,,,,,,,,
ğŸ“»,radio,radio,,,344: :radio: | :: | ::,podcast,,,,,,,,,,,,,,,,,,,,,,,,,,,,,,,,,,,,,,,
ğŸ”Š,speaker with three sound waves,loud_sound,,,345: :loud_sound: | :: | ::,volume,,,,,,,,,,,,,,,,,,,,,,,,,,,,,,,,,,,,,,,
ğŸ”‰,speaker with one sound wave,sound,,,346: :sound: | :: | ::,volume,,,,,,,,,,,,,,,,,,,,,,,,,,,,,,,,,,,,,,,
ğŸ”ˆ,speaker,speaker,,,347: :speaker: | :: | ::,,,,,,,,,,,,,,,,,,,,,,,,,,,,,,,,,,,,,,,,
ğŸ”‡,speaker with cancellation stroke,mute,,,348: :mute: | :: | ::,sound,volume,,,,,,,,,,,,,,,,,,,,,,,,,,,,,,,,,,,,,,
ğŸ””,bell,bell,,,349: :bell: | :: | ::,sound,notification,,,,,,,,,,,,,,,,,,,,,,,,,,,,,,,,,,,,,,
ğŸ”•,bell with cancellation stroke,no_bell,,,350: :no_bell: | :: | ::,volume,off,,,,,,,,,,,,,,,,,,,,,,,,,,,,,,,,,,,,,,
ğŸ“¢,public address loudspeaker,loudspeaker,,,351: :loudspeaker: | :: | ::,announcement,,,,,,,,,,,,,,,,,,,,,,,,,,,,,,,,,,,,,,,
ğŸ“£,cheering megaphone,mega,,,352: :mega: | :: | ::,,,,,,,,,,,,,,,,,,,,,,,,,,,,,,,,,,,,,,,,
â³,hourglass with flowing sand,hourglass_flowing_sand,,,353: :hourglass_flowing_sand: | :: | ::,time,,,,,,,,,,,,,,,,,,,,,,,,,,,,,,,,,,,,,,,
âŒ›,hourglass,hourglass,,,354: :hourglass: | :: | ::,time,,,,,,,,,,,,,,,,,,,,,,,,,,,,,,,,,,,,,,,
â°,alarm clock,alarm_clock,,,355: :alarm_clock: | :: | ::,morning,,,,,,,,,,,,,,,,,,,,,,,,,,,,,,,,,,,,,,,
âŒš,watch,watch,,,356: :watch: | :: | ::,time,,,,,,,,,,,,,,,,,,,,,,,,,,,,,,,,,,,,,,,
ğŸ”“,open lock,unlock,,,357: :unlock: | :: | ::,security,,,,,,,,,,,,,,,,,,,,,,,,,,,,,,,,,,,,,,,
ğŸ”’,lock,lock,,,358: :lock: | :: | ::,security,private,,,,,,,,,,,,,,,,,,,,,,,,,,,,,,,,,,,,,,
ğŸ”,lock with ink pen,lock_with_ink_pen,,,359: :lock_with_ink_pen: | :: | ::,,,,,,,,,,,,,,,,,,,,,,,,,,,,,,,,,,,,,,,,
ğŸ”,closed lock with key,closed_lock_with_key,,,360: :closed_lock_with_key: | :: | ::,security,,,,,,,,,,,,,,,,,,,,,,,,,,,,,,,,,,,,,,,
ğŸ”‘,key,key,,,361: :key: | :: | ::,lock,password,,,,,,,,,,,,,,,,,,,,,,,,,,,,,,,,,,,,,,
ğŸ”,right-pointing magnifying glass,mag_right,,,362: :mag_right: | :: | ::,,,,,,,,,,,,,,,,,,,,,,,,,,,,,,,,,,,,,,,,
ğŸ’¡,electric light bulb,bulb,,,363: :bulb: | :: | ::,idea,light,,,,,,,,,,,,,,,,,,,,,,,,,,,,,,,,,,,,,,
ğŸ”¦,electric torch,flashlight,,,364: :flashlight: | :: | ::,,,,,,,,,,,,,,,,,,,,,,,,,,,,,,,,,,,,,,,,
ğŸ”†,high brightness symbol,high_brightness,,,365: :high_brightness: | :: | ::,,,,,,,,,,,,,,,,,,,,,,,,,,,,,,,,,,,,,,,,
ğŸ”…,low brightness symbol,low_brightness,,,366: :low_brightness: | :: | ::,,,,,,,,,,,,,,,,,,,,,,,,,,,,,,,,,,,,,,,,
ğŸ”Œ,electric plug,electric_plug,,,367: :electric_plug: | :: | ::,,,,,,,,,,,,,,,,,,,,,,,,,,,,,,,,,,,,,,,,
ğŸ”‹,battery,battery,,,368: :battery: | :: | ::,power,,,,,,,,,,,,,,,,,,,,,,,,,,,,,,,,,,,,,,,
ğŸ”,left-pointing magnifying glass,mag,,,369: :mag: | :: | ::,search,zoom,,,,,,,,,,,,,,,,,,,,,,,,,,,,,,,,,,,,,,
ğŸ›,bathtub,bathtub,,,370: :bathtub: | :: | ::,,,,,,,,,,,,,,,,,,,,,,,,,,,,,,,,,,,,,,,,
ğŸ›€,bath,bath,,,371: :bath: | :: | ::,shower,,,,,,,,,,,,,,,,,,,,,,,,,,,,,,,,,,,,,,,
ğŸš¿,shower,shower,,,372: :shower: | :: | ::,bath,,,,,,,,,,,,,,,,,,,,,,,,,,,,,,,,,,,,,,,
ğŸš½,toilet,toilet,,,373: :toilet: | :: | ::,wc,,,,,,,,,,,,,,,,,,,,,,,,,,,,,,,,,,,,,,,
ğŸ”§,wrench,wrench,,,374: :wrench: | :: | ::,tool,,,,,,,,,,,,,,,,,,,,,,,,,,,,,,,,,,,,,,,
ğŸ”©,nut and bolt,nut_and_bolt,,,375: :nut_and_bolt: | :: | ::,,,,,,,,,,,,,,,,,,,,,,,,,,,,,,,,,,,,,,,,
ğŸ”¨,hammer,hammer,,,376: :hammer: | :: | ::,tool,,,,,,,,,,,,,,,,,,,,,,,,,,,,,,,,,,,,,,,
ğŸšª,door,door,,,377: :door: | :: | ::,,,,,,,,,,,,,,,,,,,,,,,,,,,,,,,,,,,,,,,,
ğŸš¬,smoking symbol,smoking,,,378: :smoking: | :: | ::,cigarette,,,,,,,,,,,,,,,,,,,,,,,,,,,,,,,,,,,,,,,
ğŸ’£,bomb,bomb,,,379: :bomb: | :: | ::,boom,,,,,,,,,,,,,,,,,,,,,,,,,,,,,,,,,,,,,,,
ğŸ”«,pistol,gun,,,380: :gun: | :: | ::,shoot,weapon,,,,,,,,,,,,,,,,,,,,,,,,,,,,,,,,,,,,,,
ğŸ”ª,hocho,hocho,knife,,381: :hocho: | :knife: | ::,cut,chop,,,,,,,,,,,,,,,,,,,,,,,,,,,,,,,,,,,,,,
ğŸ’Š,pill,pill,,,382: :pill: | :: | ::,health,medicine,,,,,,,,,,,,,,,,,,,,,,,,,,,,,,,,,,,,,,
ğŸ’‰,syringe,syringe,,,383: :syringe: | :: | ::,health,hospital,needle,,,,,,,,,,,,,,,,,,,,,,,,,,,,,,,,,,,,,
ğŸ’°,money bag,moneybag,,,384: :moneybag: | :: | ::,dollar,cream,,,,,,,,,,,,,,,,,,,,,,,,,,,,,,,,,,,,,,
ğŸ’´,banknote with yen sign,yen,,,385: :yen: | :: | ::,,,,,,,,,,,,,,,,,,,,,,,,,,,,,,,,,,,,,,,,
ğŸ’µ,banknote with dollar sign,dollar,,,386: :dollar: | :: | ::,money,,,,,,,,,,,,,,,,,,,,,,,,,,,,,,,,,,,,,,,
ğŸ’·,banknote with pound sign,pound,,,387: :pound: | :: | ::,,,,,,,,,,,,,,,,,,,,,,,,,,,,,,,,,,,,,,,,
ğŸ’¶,banknote with euro sign,euro,,,388: :euro: | :: | ::,,,,,,,,,,,,,,,,,,,,,,,,,,,,,,,,,,,,,,,,
ğŸ’³,credit card,credit_card,,,389: :credit_card: | :: | ::,subscription,,,,,,,,,,,,,,,,,,,,,,,,,,,,,,,,,,,,,,,
ğŸ’¸,money with wings,money_with_wings,,,390: :money_with_wings: | :: | ::,dollar,,,,,,,,,,,,,,,,,,,,,,,,,,,,,,,,,,,,,,,
ğŸ“²,mobile phone with rightwards arrow at left,calling,,,391: :calling: | :: | ::,call,incoming,,,,,,,,,,,,,,,,,,,,,,,,,,,,,,,,,,,,,,
ğŸ“§,e-mail symbol,e-mail,,,392: :e-mail: | :: | ::,,,,,,,,,,,,,,,,,,,,,,,,,,,,,,,,,,,,,,,,
ğŸ“¥,inbox tray,inbox_tray,,,393: :inbox_tray: | :: | ::,,,,,,,,,,,,,,,,,,,,,,,,,,,,,,,,,,,,,,,,
ğŸ“¤,outbox tray,outbox_tray,,,394: :outbox_tray: | :: | ::,,,,,,,,,,,,,,,,,,,,,,,,,,,,,,,,,,,,,,,,
âœ‰ï¸,envelope,email,envelope,,395: :email: | :envelope: | ::,letter,,,,,,,,,,,,,,,,,,,,,,,,,,,,,,,,,,,,,,,
ğŸ“©,envelope with downwards arrow above,envelope_with_arrow,,,396: :envelope_with_arrow: | :: | ::,,,,,,,,,,,,,,,,,,,,,,,,,,,,,,,,,,,,,,,,
ğŸ“¨,incoming envelope,incoming_envelope,,,397: :incoming_envelope: | :: | ::,,,,,,,,,,,,,,,,,,,,,,,,,,,,,,,,,,,,,,,,
ğŸ“¯,postal horn,postal_horn,,,398: :postal_horn: | :: | ::,,,,,,,,,,,,,,,,,,,,,,,,,,,,,,,,,,,,,,,,
ğŸ“«,closed mailbox with raised flag,mailbox,,,399: :mailbox: | :: | ::,,,,,,,,,,,,,,,,,,,,,,,,,,,,,,,,,,,,,,,,
ğŸ“ª,closed mailbox with lowered flag,mailbox_closed,,,400: :mailbox_closed: | :: | ::,,,,,,,,,,,,,,,,,,,,,,,,,,,,,,,,,,,,,,,,
ğŸ“¬,open mailbox with raised flag,mailbox_with_mail,,,401: :mailbox_with_mail: | :: | ::,,,,,,,,,,,,,,,,,,,,,,,,,,,,,,,,,,,,,,,,
ğŸ“­,open mailbox with lowered flag,mailbox_with_no_mail,,,402: :mailbox_with_no_mail: | :: | ::,,,,,,,,,,,,,,,,,,,,,,,,,,,,,,,,,,,,,,,,
ğŸ“®,postbox,postbox,,,403: :postbox: | :: | ::,,,,,,,,,,,,,,,,,,,,,,,,,,,,,,,,,,,,,,,,
ğŸ“¦,package,package,,,404: :package: | :: | ::,shipping,,,,,,,,,,,,,,,,,,,,,,,,,,,,,,,,,,,,,,,
ğŸ“,memo,memo,pencil,,405: :memo: | :pencil: | ::,document,note,,,,,,,,,,,,,,,,,,,,,,,,,,,,,,,,,,,,,,
ğŸ“„,page facing up,page_facing_up,,,406: :page_facing_up: | :: | ::,document,,,,,,,,,,,,,,,,,,,,,,,,,,,,,,,,,,,,,,,
ğŸ“ƒ,page with curl,page_with_curl,,,407: :page_with_curl: | :: | ::,,,,,,,,,,,,,,,,,,,,,,,,,,,,,,,,,,,,,,,,
ğŸ“‘,bookmark tabs,bookmark_tabs,,,408: :bookmark_tabs: | :: | ::,,,,,,,,,,,,,,,,,,,,,,,,,,,,,,,,,,,,,,,,
ğŸ“Š,bar chart,bar_chart,,,409: :bar_chart: | :: | ::,stats,metrics,,,,,,,,,,,,,,,,,,,,,,,,,,,,,,,,,,,,,,
ğŸ“ˆ,chart with upwards trend,chart_with_upwards_trend,,,410: :chart_with_upwards_trend: | :: | ::,graph,metrics,,,,,,,,,,,,,,,,,,,,,,,,,,,,,,,,,,,,,,
ğŸ“‰,chart with downwards trend,chart_with_downwards_trend,,,411: :chart_with_downwards_trend: | :: | ::,graph,metrics,,,,,,,,,,,,,,,,,,,,,,,,,,,,,,,,,,,,,,
ğŸ“œ,scroll,scroll,,,412: :scroll: | :: | ::,document,,,,,,,,,,,,,,,,,,,,,,,,,,,,,,,,,,,,,,,
ğŸ“‹,clipboard,clipboard,,,413: :clipboard: | :: | ::,,,,,,,,,,,,,,,,,,,,,,,,,,,,,,,,,,,,,,,,
ğŸ“…,calendar,date,,,414: :date: | :: | ::,calendar,schedule,,,,,,,,,,,,,,,,,,,,,,,,,,,,,,,,,,,,,,
ğŸ“†,tear-off calendar,calendar,,,415: :calendar: | :: | ::,schedule,,,,,,,,,,,,,,,,,,,,,,,,,,,,,,,,,,,,,,,
ğŸ“‡,card index,card_index,,,416: :card_index: | :: | ::,,,,,,,,,,,,,,,,,,,,,,,,,,,,,,,,,,,,,,,,
ğŸ“,file folder,file_folder,,,417: :file_folder: | :: | ::,directory,,,,,,,,,,,,,,,,,,,,,,,,,,,,,,,,,,,,,,,
ğŸ“‚,open file folder,open_file_folder,,,418: :open_file_folder: | :: | ::,,,,,,,,,,,,,,,,,,,,,,,,,,,,,,,,,,,,,,,,
âœ‚ï¸,black scissors,scissors,,,419: :scissors: | :: | ::,cut,,,,,,,,,,,,,,,,,,,,,,,,,,,,,,,,,,,,,,,
ğŸ“Œ,pushpin,pushpin,,,420: :pushpin: | :: | ::,location,,,,,,,,,,,,,,,,,,,,,,,,,,,,,,,,,,,,,,,
ğŸ“,paperclip,paperclip,,,421: :paperclip: | :: | ::,,,,,,,,,,,,,,,,,,,,,,,,,,,,,,,,,,,,,,,,
âœ’ï¸,black nib,black_nib,,,422: :black_nib: | :: | ::,,,,,,,,,,,,,,,,,,,,,,,,,,,,,,,,,,,,,,,,
âœï¸,pencil,pencil2,,,423: :pencil2: | :: | ::,,,,,,,,,,,,,,,,,,,,,,,,,,,,,,,,,,,,,,,,
ğŸ“,straight ruler,straight_ruler,,,424: :straight_ruler: | :: | ::,,,,,,,,,,,,,,,,,,,,,,,,,,,,,,,,,,,,,,,,
ğŸ“,triangular ruler,triangular_ruler,,,425: :triangular_ruler: | :: | ::,,,,,,,,,,,,,,,,,,,,,,,,,,,,,,,,,,,,,,,,
ğŸ“•,closed book,closed_book,,,426: :closed_book: | :: | ::,,,,,,,,,,,,,,,,,,,,,,,,,,,,,,,,,,,,,,,,
ğŸ“—,green book,green_book,,,427: :green_book: | :: | ::,,,,,,,,,,,,,,,,,,,,,,,,,,,,,,,,,,,,,,,,
ğŸ“˜,blue book,blue_book,,,428: :blue_book: | :: | ::,,,,,,,,,,,,,,,,,,,,,,,,,,,,,,,,,,,,,,,,
ğŸ“™,orange book,orange_book,,,429: :orange_book: | :: | ::,,,,,,,,,,,,,,,,,,,,,,,,,,,,,,,,,,,,,,,,
ğŸ““,notebook,notebook,,,430: :notebook: | :: | ::,,,,,,,,,,,,,,,,,,,,,,,,,,,,,,,,,,,,,,,,
ğŸ“”,notebook with decorative cover,notebook_with_decorative_cover,,,431: :notebook_with_decorative_cover: | :: | ::,,,,,,,,,,,,,,,,,,,,,,,,,,,,,,,,,,,,,,,,
ğŸ“’,ledger,ledger,,,432: :ledger: | :: | ::,,,,,,,,,,,,,,,,,,,,,,,,,,,,,,,,,,,,,,,,
ğŸ“š,books,books,,,433: :books: | :: | ::,library,,,,,,,,,,,,,,,,,,,,,,,,,,,,,,,,,,,,,,,
ğŸ“–,open book,book,open_book,,434: :book: | :open_book: | ::,,,,,,,,,,,,,,,,,,,,,,,,,,,,,,,,,,,,,,,,
ğŸ”–,bookmark,bookmark,,,435: :bookmark: | :: | ::,,,,,,,,,,,,,,,,,,,,,,,,,,,,,,,,,,,,,,,,
ğŸ“›,name badge,name_badge,,,436: :name_badge: | :: | ::,,,,,,,,,,,,,,,,,,,,,,,,,,,,,,,,,,,,,,,,
ğŸ”¬,microscope,microscope,,,437: :microscope: | :: | ::,science,laboratory,investigate,,,,,,,,,,,,,,,,,,,,,,,,,,,,,,,,,,,,,
ğŸ”­,telescope,telescope,,,438: :telescope: | :: | ::,,,,,,,,,,,,,,,,,,,,,,,,,,,,,,,,,,,,,,,,
ğŸ“°,newspaper,newspaper,,,439: :newspaper: | :: | ::,press,,,,,,,,,,,,,,,,,,,,,,,,,,,,,,,,,,,,,,,
ğŸ¨,artist palette,art,,,440: :art: | :: | ::,design,paint,,,,,,,,,,,,,,,,,,,,,,,,,,,,,,,,,,,,,,
ğŸ¬,clapper board,clapper,,,441: :clapper: | :: | ::,film,,,,,,,,,,,,,,,,,,,,,,,,,,,,,,,,,,,,,,,
ğŸ¤,microphone,microphone,,,442: :microphone: | :: | ::,sing,,,,,,,,,,,,,,,,,,,,,,,,,,,,,,,,,,,,,,,
ğŸ§,headphone,headphones,,,443: :headphones: | :: | ::,music,earphones,,,,,,,,,,,,,,,,,,,,,,,,,,,,,,,,,,,,,,
ğŸ¼,musical score,musical_score,,,444: :musical_score: | :: | ::,,,,,,,,,,,,,,,,,,,,,,,,,,,,,,,,,,,,,,,,
ğŸµ,musical note,musical_note,,,445: :musical_note: | :: | ::,,,,,,,,,,,,,,,,,,,,,,,,,,,,,,,,,,,,,,,,
ğŸ¶,multiple musical notes,notes,,,446: :notes: | :: | ::,music,,,,,,,,,,,,,,,,,,,,,,,,,,,,,,,,,,,,,,,
ğŸ¹,musical keyboard,musical_keyboard,,,447: :musical_keyboard: | :: | ::,piano,,,,,,,,,,,,,,,,,,,,,,,,,,,,,,,,,,,,,,,
ğŸ»,violin,violin,,,448: :violin: | :: | ::,,,,,,,,,,,,,,,,,,,,,,,,,,,,,,,,,,,,,,,,
ğŸº,trumpet,trumpet,,,449: :trumpet: | :: | ::,,,,,,,,,,,,,,,,,,,,,,,,,,,,,,,,,,,,,,,,
ğŸ·,saxophone,saxophone,,,450: :saxophone: | :: | ::,,,,,,,,,,,,,,,,,,,,,,,,,,,,,,,,,,,,,,,,
ğŸ¸,guitar,guitar,,,451: :guitar: | :: | ::,rock,,,,,,,,,,,,,,,,,,,,,,,,,,,,,,,,,,,,,,,
ğŸ‘¾,alien monster,space_invader,,,452: :space_invader: | :: | ::,game,retro,,,,,,,,,,,,,,,,,,,,,,,,,,,,,,,,,,,,,,
ğŸ®,video game,video_game,,,453: :video_game: | :: | ::,play,controller,console,,,,,,,,,,,,,,,,,,,,,,,,,,,,,,,,,,,,,
ğŸƒ,playing card black joker,black_joker,,,454: :black_joker: | :: | ::,,,,,,,,,,,,,,,,,,,,,,,,,,,,,,,,,,,,,,,,
ğŸ´,flower playing cards,flower_playing_cards,,,455: :flower_playing_cards: | :: | ::,,,,,,,,,,,,,,,,,,,,,,,,,,,,,,,,,,,,,,,,
ğŸ€„,mahjong tile red dragon,mahjong,,,456: :mahjong: | :: | ::,,,,,,,,,,,,,,,,,,,,,,,,,,,,,,,,,,,,,,,,
ğŸ²,game die,game_die,,,457: :game_die: | :: | ::,dice,gambling,,,,,,,,,,,,,,,,,,,,,,,,,,,,,,,,,,,,,,
ğŸ¯,direct hit,dart,,,458: :dart: | :: | ::,target,,,,,,,,,,,,,,,,,,,,,,,,,,,,,,,,,,,,,,,
ğŸˆ,american football,football,,,459: :football: | :: | ::,sports,,,,,,,,,,,,,,,,,,,,,,,,,,,,,,,,,,,,,,,
ğŸ€,basketball and hoop,basketball,,,460: :basketball: | :: | ::,sports,,,,,,,,,,,,,,,,,,,,,,,,,,,,,,,,,,,,,,,
âš½,soccer ball,soccer,,,461: :soccer: | :: | ::,sports,,,,,,,,,,,,,,,,,,,,,,,,,,,,,,,,,,,,,,,
âš¾ï¸,baseball,baseball,,,462: :baseball: | :: | ::,sports,,,,,,,,,,,,,,,,,,,,,,,,,,,,,,,,,,,,,,,
ğŸ¾,tennis racquet and ball,tennis,,,463: :tennis: | :: | ::,sports,,,,,,,,,,,,,,,,,,,,,,,,,,,,,,,,,,,,,,,
ğŸ±,billiards,8ball,,,464: :8ball: | :: | ::,pool,billiards,,,,,,,,,,,,,,,,,,,,,,,,,,,,,,,,,,,,,,
ğŸ‰,rugby football,rugby_football,,,465: :rugby_football: | :: | ::,,,,,,,,,,,,,,,,,,,,,,,,,,,,,,,,,,,,,,,,
ğŸ³,bowling,bowling,,,466: :bowling: | :: | ::,,,,,,,,,,,,,,,,,,,,,,,,,,,,,,,,,,,,,,,,
â›³,flag in hole,golf,,,467: :golf: | :: | ::,,,,,,,,,,,,,,,,,,,,,,,,,,,,,,,,,,,,,,,,
ğŸšµ,mountain bicyclist,mountain_bicyclist,,,468: :mountain_bicyclist: | :: | ::,,,,,,,,,,,,,,,,,,,,,,,,,,,,,,,,,,,,,,,,
ğŸš´,bicyclist,bicyclist,,,469: :bicyclist: | :: | ::,,,,,,,,,,,,,,,,,,,,,,,,,,,,,,,,,,,,,,,,
ğŸ,chequered flag,checkered_flag,,,470: :checkered_flag: | :: | ::,milestone,finish,,,,,,,,,,,,,,,,,,,,,,,,,,,,,,,,,,,,,,
ğŸ‡,horse racing,horse_racing,,,471: :horse_racing: | :: | ::,,,,,,,,,,,,,,,,,,,,,,,,,,,,,,,,,,,,,,,,
ğŸ†,trophy,trophy,,,472: :trophy: | :: | ::,award,contest,winner,,,,,,,,,,,,,,,,,,,,,,,,,,,,,,,,,,,,,
ğŸ¿,ski and ski boot,ski,,,473: :ski: | :: | ::,,,,,,,,,,,,,,,,,,,,,,,,,,,,,,,,,,,,,,,,
ğŸ‚,snowboarder,snowboarder,,,474: :snowboarder: | :: | ::,,,,,,,,,,,,,,,,,,,,,,,,,,,,,,,,,,,,,,,,
ğŸŠ,swimmer,swimmer,,,475: :swimmer: | :: | ::,,,,,,,,,,,,,,,,,,,,,,,,,,,,,,,,,,,,,,,,
ğŸ„,surfer,surfer,,,476: :surfer: | :: | ::,,,,,,,,,,,,,,,,,,,,,,,,,,,,,,,,,,,,,,,,
ğŸ£,fishing pole and fish,fishing_pole_and_fish,,,477: :fishing_pole_and_fish: | :: | ::,,,,,,,,,,,,,,,,,,,,,,,,,,,,,,,,,,,,,,,,
â˜•,hot beverage,coffee,,,478: :coffee: | :: | ::,cafe,espresso,,,,,,,,,,,,,,,,,,,,,,,,,,,,,,,,,,,,,,
ğŸµ,teacup without handle,tea,,,479: :tea: | :: | ::,green,breakfast,,,,,,,,,,,,,,,,,,,,,,,,,,,,,,,,,,,,,,
ğŸ¶,sake bottle and cup,sake,,,480: :sake: | :: | ::,,,,,,,,,,,,,,,,,,,,,,,,,,,,,,,,,,,,,,,,
ğŸ¼,baby bottle,baby_bottle,,,481: :baby_bottle: | :: | ::,milk,,,,,,,,,,,,,,,,,,,,,,,,,,,,,,,,,,,,,,,
ğŸº,beer mug,beer,,,482: :beer: | :: | ::,drink,,,,,,,,,,,,,,,,,,,,,,,,,,,,,,,,,,,,,,,
ğŸ»,clinking beer mugs,beers,,,483: :beers: | :: | ::,drinks,,,,,,,,,,,,,,,,,,,,,,,,,,,,,,,,,,,,,,,
ğŸ¸,cocktail glass,cocktail,,,484: :cocktail: | :: | ::,drink,,,,,,,,,,,,,,,,,,,,,,,,,,,,,,,,,,,,,,,
ğŸ¹,tropical drink,tropical_drink,,,485: :tropical_drink: | :: | ::,summer,vacation,,,,,,,,,,,,,,,,,,,,,,,,,,,,,,,,,,,,,,
ğŸ·,wine glass,wine_glass,,,486: :wine_glass: | :: | ::,,,,,,,,,,,,,,,,,,,,,,,,,,,,,,,,,,,,,,,,
ğŸ´,fork and knife,fork_and_knife,,,487: :fork_and_knife: | :: | ::,cutlery,,,,,,,,,,,,,,,,,,,,,,,,,,,,,,,,,,,,,,,
ğŸ•,slice of pizza,pizza,,,488: :pizza: | :: | ::,,,,,,,,,,,,,,,,,,,,,,,,,,,,,,,,,,,,,,,,
ğŸ”,hamburger,hamburger,,,489: :hamburger: | :: | ::,burger,,,,,,,,,,,,,,,,,,,,,,,,,,,,,,,,,,,,,,,
ğŸŸ,french fries,fries,,,490: :fries: | :: | ::,,,,,,,,,,,,,,,,,,,,,,,,,,,,,,,,,,,,,,,,
ğŸ—,poultry leg,poultry_leg,,,491: :poultry_leg: | :: | ::,meat,chicken,,,,,,,,,,,,,,,,,,,,,,,,,,,,,,,,,,,,,,
ğŸ–,meat on bone,meat_on_bone,,,492: :meat_on_bone: | :: | ::,,,,,,,,,,,,,,,,,,,,,,,,,,,,,,,,,,,,,,,,
ğŸ,spaghetti,spaghetti,,,493: :spaghetti: | :: | ::,pasta,,,,,,,,,,,,,,,,,,,,,,,,,,,,,,,,,,,,,,,
ğŸ›,curry and rice,curry,,,494: :curry: | :: | ::,,,,,,,,,,,,,,,,,,,,,,,,,,,,,,,,,,,,,,,,
ğŸ¤,fried shrimp,fried_shrimp,,,495: :fried_shrimp: | :: | ::,tempura,,,,,,,,,,,,,,,,,,,,,,,,,,,,,,,,,,,,,,,
ğŸ±,bento box,bento,,,496: :bento: | :: | ::,,,,,,,,,,,,,,,,,,,,,,,,,,,,,,,,,,,,,,,,
ğŸ£,sushi,sushi,,,497: :sushi: | :: | ::,,,,,,,,,,,,,,,,,,,,,,,,,,,,,,,,,,,,,,,,
ğŸ¥,fish cake with swirl design,fish_cake,,,498: :fish_cake: | :: | ::,,,,,,,,,,,,,,,,,,,,,,,,,,,,,,,,,,,,,,,,
ğŸ™,rice ball,rice_ball,,,499: :rice_ball: | :: | ::,,,,,,,,,,,,,,,,,,,,,,,,,,,,,,,,,,,,,,,,
ğŸ˜,rice cracker,rice_cracker,,,500: :rice_cracker: | :: | ::,,,,,,,,,,,,,,,,,,,,,,,,,,,,,,,,,,,,,,,,
ğŸš,cooked rice,rice,,,501: :rice: | :: | ::,,,,,,,,,,,,,,,,,,,,,,,,,,,,,,,,,,,,,,,,
ğŸœ,steaming bowl,ramen,,,502: :ramen: | :: | ::,noodle,,,,,,,,,,,,,,,,,,,,,,,,,,,,,,,,,,,,,,,
ğŸ²,pot of food,stew,,,503: :stew: | :: | ::,,,,,,,,,,,,,,,,,,,,,,,,,,,,,,,,,,,,,,,,
ğŸ¢,oden,oden,,,504: :oden: | :: | ::,,,,,,,,,,,,,,,,,,,,,,,,,,,,,,,,,,,,,,,,
ğŸ¡,dango,dango,,,505: :dango: | :: | ::,,,,,,,,,,,,,,,,,,,,,,,,,,,,,,,,,,,,,,,,
ğŸ³,cooking,egg,,,506: :egg: | :: | ::,breakfast,,,,,,,,,,,,,,,,,,,,,,,,,,,,,,,,,,,,,,,
ğŸ,bread,bread,,,507: :bread: | :: | ::,toast,,,,,,,,,,,,,,,,,,,,,,,,,,,,,,,,,,,,,,,
ğŸ©,doughnut,doughnut,,,508: :doughnut: | :: | ::,,,,,,,,,,,,,,,,,,,,,,,,,,,,,,,,,,,,,,,,
ğŸ®,custard,custard,,,509: :custard: | :: | ::,,,,,,,,,,,,,,,,,,,,,,,,,,,,,,,,,,,,,,,,
ğŸ¦,soft ice cream,icecream,,,510: :icecream: | :: | ::,,,,,,,,,,,,,,,,,,,,,,,,,,,,,,,,,,,,,,,,
ğŸ¨,ice cream,ice_cream,,,511: :ice_cream: | :: | ::,,,,,,,,,,,,,,,,,,,,,,,,,,,,,,,,,,,,,,,,
ğŸ§,shaved ice,shaved_ice,,,512: :shaved_ice: | :: | ::,,,,,,,,,,,,,,,,,,,,,,,,,,,,,,,,,,,,,,,,
ğŸ‚,birthday cake,birthday,,,513: :birthday: | :: | ::,party,,,,,,,,,,,,,,,,,,,,,,,,,,,,,,,,,,,,,,,
ğŸ°,shortcake,cake,,,514: :cake: | :: | ::,dessert,,,,,,,,,,,,,,,,,,,,,,,,,,,,,,,,,,,,,,,
ğŸª,cookie,cookie,,,515: :cookie: | :: | ::,,,,,,,,,,,,,,,,,,,,,,,,,,,,,,,,,,,,,,,,
ğŸ«,chocolate bar,chocolate_bar,,,516: :chocolate_bar: | :: | ::,,,,,,,,,,,,,,,,,,,,,,,,,,,,,,,,,,,,,,,,
ğŸ¬,candy,candy,,,517: :candy: | :: | ::,sweet,,,,,,,,,,,,,,,,,,,,,,,,,,,,,,,,,,,,,,,
ğŸ­,lollipop,lollipop,,,518: :lollipop: | :: | ::,,,,,,,,,,,,,,,,,,,,,,,,,,,,,,,,,,,,,,,,
ğŸ¯,honey pot,honey_pot,,,519: :honey_pot: | :: | ::,,,,,,,,,,,,,,,,,,,,,,,,,,,,,,,,,,,,,,,,
ğŸ,red apple,apple,,,520: :apple: | :: | ::,,,,,,,,,,,,,,,,,,,,,,,,,,,,,,,,,,,,,,,,
ğŸ,green apple,green_apple,,,521: :green_apple: | :: | ::,fruit,,,,,,,,,,,,,,,,,,,,,,,,,,,,,,,,,,,,,,,
ğŸŠ,tangerine,tangerine,,,522: :tangerine: | :: | ::,,,,,,,,,,,,,,,,,,,,,,,,,,,,,,,,,,,,,,,,
ğŸ‹,lemon,lemon,,,523: :lemon: | :: | ::,,,,,,,,,,,,,,,,,,,,,,,,,,,,,,,,,,,,,,,,
ğŸ’,cherries,cherries,,,524: :cherries: | :: | ::,fruit,,,,,,,,,,,,,,,,,,,,,,,,,,,,,,,,,,,,,,,
ğŸ‡,grapes,grapes,,,525: :grapes: | :: | ::,,,,,,,,,,,,,,,,,,,,,,,,,,,,,,,,,,,,,,,,
ğŸ‰,watermelon,watermelon,,,526: :watermelon: | :: | ::,,,,,,,,,,,,,,,,,,,,,,,,,,,,,,,,,,,,,,,,
ğŸ“,strawberry,strawberry,,,527: :strawberry: | :: | ::,fruit,,,,,,,,,,,,,,,,,,,,,,,,,,,,,,,,,,,,,,,
ğŸ‘,peach,peach,,,528: :peach: | :: | ::,,,,,,,,,,,,,,,,,,,,,,,,,,,,,,,,,,,,,,,,
ğŸˆ,melon,melon,,,529: :melon: | :: | ::,,,,,,,,,,,,,,,,,,,,,,,,,,,,,,,,,,,,,,,,
ğŸŒ,banana,banana,,,530: :banana: | :: | ::,fruit,,,,,,,,,,,,,,,,,,,,,,,,,,,,,,,,,,,,,,,
ğŸ,pear,pear,,,531: :pear: | :: | ::,,,,,,,,,,,,,,,,,,,,,,,,,,,,,,,,,,,,,,,,
ğŸ,pineapple,pineapple,,,532: :pineapple: | :: | ::,,,,,,,,,,,,,,,,,,,,,,,,,,,,,,,,,,,,,,,,
ğŸ ,roasted sweet potato,sweet_potato,,,533: :sweet_potato: | :: | ::,,,,,,,,,,,,,,,,,,,,,,,,,,,,,,,,,,,,,,,,
ğŸ†,aubergine,eggplant,,,534: :eggplant: | :: | ::,aubergine,,,,,,,,,,,,,,,,,,,,,,,,,,,,,,,,,,,,,,,
ğŸ…,tomato,tomato,,,535: :tomato: | :: | ::,,,,,,,,,,,,,,,,,,,,,,,,,,,,,,,,,,,,,,,,
ğŸŒ½,ear of maize,corn,,,536: :corn: | :: | ::,,,,,,,,,,,,,,,,,,,,,,,,,,,,,,,,,,,,,,,,
ğŸ ,house building,house,,,537: :house: | :: | ::,,,,,,,,,,,,,,,,,,,,,,,,,,,,,,,,,,,,,,,,
ğŸ¡,house with garden,house_with_garden,,,538: :house_with_garden: | :: | ::,,,,,,,,,,,,,,,,,,,,,,,,,,,,,,,,,,,,,,,,
ğŸ«,school,school,,,539: :school: | :: | ::,,,,,,,,,,,,,,,,,,,,,,,,,,,,,,,,,,,,,,,,
ğŸ¢,office building,office,,,540: :office: | :: | ::,,,,,,,,,,,,,,,,,,,,,,,,,,,,,,,,,,,,,,,,
ğŸ£,japanese post office,post_office,,,541: :post_office: | :: | ::,,,,,,,,,,,,,,,,,,,,,,,,,,,,,,,,,,,,,,,,
ğŸ¥,hospital,hospital,,,542: :hospital: | :: | ::,,,,,,,,,,,,,,,,,,,,,,,,,,,,,,,,,,,,,,,,
ğŸ¦,bank,bank,,,543: :bank: | :: | ::,,,,,,,,,,,,,,,,,,,,,,,,,,,,,,,,,,,,,,,,
ğŸª,convenience store,convenience_store,,,544: :convenience_store: | :: | ::,,,,,,,,,,,,,,,,,,,,,,,,,,,,,,,,,,,,,,,,
ğŸ©,love hotel,love_hotel,,,545: :love_hotel: | :: | ::,,,,,,,,,,,,,,,,,,,,,,,,,,,,,,,,,,,,,,,,
ğŸ¨,hotel,hotel,,,546: :hotel: | :: | ::,,,,,,,,,,,,,,,,,,,,,,,,,,,,,,,,,,,,,,,,
ğŸ’’,wedding,wedding,,,547: :wedding: | :: | ::,marriage,,,,,,,,,,,,,,,,,,,,,,,,,,,,,,,,,,,,,,,
â›ª,church,church,,,548: :church: | :: | ::,,,,,,,,,,,,,,,,,,,,,,,,,,,,,,,,,,,,,,,,
ğŸ¬,department store,department_store,,,549: :department_store: | :: | ::,,,,,,,,,,,,,,,,,,,,,,,,,,,,,,,,,,,,,,,,
ğŸ¤,european post office,european_post_office,,,550: :european_post_office: | :: | ::,,,,,,,,,,,,,,,,,,,,,,,,,,,,,,,,,,,,,,,,
ğŸŒ‡,sunset over buildings,city_sunrise,,,551: :city_sunrise: | :: | ::,,,,,,,,,,,,,,,,,,,,,,,,,,,,,,,,,,,,,,,,
ğŸŒ†,cityscape at dusk,city_sunset,,,552: :city_sunset: | :: | ::,,,,,,,,,,,,,,,,,,,,,,,,,,,,,,,,,,,,,,,,
ğŸ¯,japanese castle,japanese_castle,,,553: :japanese_castle: | :: | ::,,,,,,,,,,,,,,,,,,,,,,,,,,,,,,,,,,,,,,,,
ğŸ°,european castle,european_castle,,,554: :european_castle: | :: | ::,,,,,,,,,,,,,,,,,,,,,,,,,,,,,,,,,,,,,,,,
â›º,tent,tent,,,555: :tent: | :: | ::,camping,,,,,,,,,,,,,,,,,,,,,,,,,,,,,,,,,,,,,,,
ğŸ­,factory,factory,,,556: :factory: | :: | ::,,,,,,,,,,,,,,,,,,,,,,,,,,,,,,,,,,,,,,,,
ğŸ—¼,tokyo tower,tokyo_tower,,,557: :tokyo_tower: | :: | ::,,,,,,,,,,,,,,,,,,,,,,,,,,,,,,,,,,,,,,,,
ğŸ—¾,silhouette of japan,japan,,,558: :japan: | :: | ::,,,,,,,,,,,,,,,,,,,,,,,,,,,,,,,,,,,,,,,,
ğŸ—»,mount fuji,mount_fuji,,,559: :mount_fuji: | :: | ::,,,,,,,,,,,,,,,,,,,,,,,,,,,,,,,,,,,,,,,,
ğŸŒ„,sunrise over mountains,sunrise_over_mountains,,,560: :sunrise_over_mountains: | :: | ::,,,,,,,,,,,,,,,,,,,,,,,,,,,,,,,,,,,,,,,,
ğŸŒ…,sunrise,sunrise,,,561: :sunrise: | :: | ::,,,,,,,,,,,,,,,,,,,,,,,,,,,,,,,,,,,,,,,,
ğŸŒƒ,night with stars,night_with_stars,,,562: :night_with_stars: | :: | ::,,,,,,,,,,,,,,,,,,,,,,,,,,,,,,,,,,,,,,,,
ğŸ—½,statue of liberty,statue_of_liberty,,,563: :statue_of_liberty: | :: | ::,,,,,,,,,,,,,,,,,,,,,,,,,,,,,,,,,,,,,,,,
ğŸŒ‰,bridge at night,bridge_at_night,,,564: :bridge_at_night: | :: | ::,,,,,,,,,,,,,,,,,,,,,,,,,,,,,,,,,,,,,,,,
ğŸ ,carousel horse,carousel_horse,,,565: :carousel_horse: | :: | ::,,,,,,,,,,,,,,,,,,,,,,,,,,,,,,,,,,,,,,,,
ğŸ¡,ferris wheel,ferris_wheel,,,566: :ferris_wheel: | :: | ::,,,,,,,,,,,,,,,,,,,,,,,,,,,,,,,,,,,,,,,,
â›²,fountain,fountain,,,567: :fountain: | :: | ::,,,,,,,,,,,,,,,,,,,,,,,,,,,,,,,,,,,,,,,,
ğŸ¢,roller coaster,roller_coaster,,,568: :roller_coaster: | :: | ::,,,,,,,,,,,,,,,,,,,,,,,,,,,,,,,,,,,,,,,,
ğŸš¢,ship,ship,,,569: :ship: | :: | ::,,,,,,,,,,,,,,,,,,,,,,,,,,,,,,,,,,,,,,,,
â›µ,sailboat,boat,sailboat,,570: :boat: | :sailboat: | ::,,,,,,,,,,,,,,,,,,,,,,,,,,,,,,,,,,,,,,,,
ğŸš¤,speedboat,speedboat,,,571: :speedboat: | :: | ::,ship,,,,,,,,,,,,,,,,,,,,,,,,,,,,,,,,,,,,,,,
ğŸš£,rowboat,rowboat,,,572: :rowboat: | :: | ::,,,,,,,,,,,,,,,,,,,,,,,,,,,,,,,,,,,,,,,,
âš“,anchor,anchor,,,573: :anchor: | :: | ::,ship,,,,,,,,,,,,,,,,,,,,,,,,,,,,,,,,,,,,,,,
ğŸš€,rocket,rocket,,,574: :rocket: | :: | ::,ship,launch,,,,,,,,,,,,,,,,,,,,,,,,,,,,,,,,,,,,,,
âœˆï¸,airplane,airplane,,,575: :airplane: | :: | ::,flight,,,,,,,,,,,,,,,,,,,,,,,,,,,,,,,,,,,,,,,
ğŸ’º,seat,seat,,,576: :seat: | :: | ::,,,,,,,,,,,,,,,,,,,,,,,,,,,,,,,,,,,,,,,,
ğŸš,helicopter,helicopter,,,577: :helicopter: | :: | ::,,,,,,,,,,,,,,,,,,,,,,,,,,,,,,,,,,,,,,,,
ğŸš‚,steam locomotive,steam_locomotive,,,578: :steam_locomotive: | :: | ::,train,,,,,,,,,,,,,,,,,,,,,,,,,,,,,,,,,,,,,,,
ğŸšŠ,tram,tram,,,579: :tram: | :: | ::,,,,,,,,,,,,,,,,,,,,,,,,,,,,,,,,,,,,,,,,
ğŸš‰,station,station,,,580: :station: | :: | ::,,,,,,,,,,,,,,,,,,,,,,,,,,,,,,,,,,,,,,,,
ğŸš,mountain railway,mountain_railway,,,581: :mountain_railway: | :: | ::,,,,,,,,,,,,,,,,,,,,,,,,,,,,,,,,,,,,,,,,
ğŸš†,train,train2,,,582: :train2: | :: | ::,,,,,,,,,,,,,,,,,,,,,,,,,,,,,,,,,,,,,,,,
ğŸš„,high-speed train,bullettrain_side,,,583: :bullettrain_side: | :: | ::,train,,,,,,,,,,,,,,,,,,,,,,,,,,,,,,,,,,,,,,,
ğŸš…,high-speed train with bullet nose,bullettrain_front,,,584: :bullettrain_front: | :: | ::,train,,,,,,,,,,,,,,,,,,,,,,,,,,,,,,,,,,,,,,,
ğŸšˆ,light rail,light_rail,,,585: :light_rail: | :: | ::,,,,,,,,,,,,,,,,,,,,,,,,,,,,,,,,,,,,,,,,
ğŸš‡,metro,metro,,,586: :metro: | :: | ::,,,,,,,,,,,,,,,,,,,,,,,,,,,,,,,,,,,,,,,,
ğŸš,monorail,monorail,,,587: :monorail: | :: | ::,,,,,,,,,,,,,,,,,,,,,,,,,,,,,,,,,,,,,,,,
ğŸš‹,tram car,train,,,588: :train: | :: | ::,,,,,,,,,,,,,,,,,,,,,,,,,,,,,,,,,,,,,,,,
ğŸšƒ,railway car,railway_car,,,589: :railway_car: | :: | ::,,,,,,,,,,,,,,,,,,,,,,,,,,,,,,,,,,,,,,,,
ğŸš,trolleybus,trolleybus,,,590: :trolleybus: | :: | ::,,,,,,,,,,,,,,,,,,,,,,,,,,,,,,,,,,,,,,,,
ğŸšŒ,bus,bus,,,591: :bus: | :: | ::,,,,,,,,,,,,,,,,,,,,,,,,,,,,,,,,,,,,,,,,
ğŸš,oncoming bus,oncoming_bus,,,592: :oncoming_bus: | :: | ::,,,,,,,,,,,,,,,,,,,,,,,,,,,,,,,,,,,,,,,,
ğŸš™,recreational vehicle,blue_car,,,593: :blue_car: | :: | ::,,,,,,,,,,,,,,,,,,,,,,,,,,,,,,,,,,,,,,,,
ğŸš˜,oncoming automobile,oncoming_automobile,,,594: :oncoming_automobile: | :: | ::,,,,,,,,,,,,,,,,,,,,,,,,,,,,,,,,,,,,,,,,
ğŸš—,automobile,car,red_car,,595: :car: | :red_car: | ::,,,,,,,,,,,,,,,,,,,,,,,,,,,,,,,,,,,,,,,,
ğŸš•,taxi,taxi,,,596: :taxi: | :: | ::,,,,,,,,,,,,,,,,,,,,,,,,,,,,,,,,,,,,,,,,
ğŸš–,oncoming taxi,oncoming_taxi,,,597: :oncoming_taxi: | :: | ::,,,,,,,,,,,,,,,,,,,,,,,,,,,,,,,,,,,,,,,,
ğŸš›,articulated lorry,articulated_lorry,,,598: :articulated_lorry: | :: | ::,,,,,,,,,,,,,,,,,,,,,,,,,,,,,,,,,,,,,,,,
ğŸšš,delivery truck,truck,,,599: :truck: | :: | ::,,,,,,,,,,,,,,,,,,,,,,,,,,,,,,,,,,,,,,,,
ğŸš¨,police cars revolving light,rotating_light,,,600: :rotating_light: | :: | ::,911,emergency,,,,,,,,,,,,,,,,,,,,,,,,,,,,,,,,,,,,,,
ğŸš“,police car,police_car,,,601: :police_car: | :: | ::,,,,,,,,,,,,,,,,,,,,,,,,,,,,,,,,,,,,,,,,
ğŸš”,oncoming police car,oncoming_police_car,,,602: :oncoming_police_car: | :: | ::,,,,,,,,,,,,,,,,,,,,,,,,,,,,,,,,,,,,,,,,
ğŸš’,fire engine,fire_engine,,,603: :fire_engine: | :: | ::,,,,,,,,,,,,,,,,,,,,,,,,,,,,,,,,,,,,,,,,
ğŸš‘,ambulance,ambulance,,,604: :ambulance: | :: | ::,,,,,,,,,,,,,,,,,,,,,,,,,,,,,,,,,,,,,,,,
ğŸš,minibus,minibus,,,605: :minibus: | :: | ::,,,,,,,,,,,,,,,,,,,,,,,,,,,,,,,,,,,,,,,,
ğŸš²,bicycle,bike,,,606: :bike: | :: | ::,bicycle,,,,,,,,,,,,,,,,,,,,,,,,,,,,,,,,,,,,,,,
ğŸš¡,aerial tramway,aerial_tramway,,,607: :aerial_tramway: | :: | ::,,,,,,,,,,,,,,,,,,,,,,,,,,,,,,,,,,,,,,,,
ğŸšŸ,suspension railway,suspension_railway,,,608: :suspension_railway: | :: | ::,,,,,,,,,,,,,,,,,,,,,,,,,,,,,,,,,,,,,,,,
ğŸš ,mountain cableway,mountain_cableway,,,609: :mountain_cableway: | :: | ::,,,,,,,,,,,,,,,,,,,,,,,,,,,,,,,,,,,,,,,,
ğŸšœ,tractor,tractor,,,610: :tractor: | :: | ::,,,,,,,,,,,,,,,,,,,,,,,,,,,,,,,,,,,,,,,,
ğŸ’ˆ,barber pole,barber,,,611: :barber: | :: | ::,,,,,,,,,,,,,,,,,,,,,,,,,,,,,,,,,,,,,,,,
ğŸš,bus stop,busstop,,,612: :busstop: | :: | ::,,,,,,,,,,,,,,,,,,,,,,,,,,,,,,,,,,,,,,,,
ğŸ«,ticket,ticket,,,613: :ticket: | :: | ::,,,,,,,,,,,,,,,,,,,,,,,,,,,,,,,,,,,,,,,,
ğŸš¦,vertical traffic light,vertical_traffic_light,,,614: :vertical_traffic_light: | :: | ::,semaphore,,,,,,,,,,,,,,,,,,,,,,,,,,,,,,,,,,,,,,,
ğŸš¥,horizontal traffic light,traffic_light,,,615: :traffic_light: | :: | ::,,,,,,,,,,,,,,,,,,,,,,,,,,,,,,,,,,,,,,,,
âš ï¸,warning sign,warning,,,616: :warning: | :: | ::,wip,,,,,,,,,,,,,,,,,,,,,,,,,,,,,,,,,,,,,,,
ğŸš§,construction sign,construction,,,617: :construction: | :: | ::,wip,,,,,,,,,,,,,,,,,,,,,,,,,,,,,,,,,,,,,,,
ğŸ”°,japanese symbol for beginner,beginner,,,618: :beginner: | :: | ::,,,,,,,,,,,,,,,,,,,,,,,,,,,,,,,,,,,,,,,,
â›½,fuel pump,fuelpump,,,619: :fuelpump: | :: | ::,,,,,,,,,,,,,,,,,,,,,,,,,,,,,,,,,,,,,,,,
ğŸ®,izakaya lantern,izakaya_lantern,lantern,,620: :izakaya_lantern: | :lantern: | ::,,,,,,,,,,,,,,,,,,,,,,,,,,,,,,,,,,,,,,,,
ğŸ°,slot machine,slot_machine,,,621: :slot_machine: | :: | ::,,,,,,,,,,,,,,,,,,,,,,,,,,,,,,,,,,,,,,,,
â™¨ï¸,hot springs,hotsprings,,,622: :hotsprings: | :: | ::,,,,,,,,,,,,,,,,,,,,,,,,,,,,,,,,,,,,,,,,
ğŸ—¿,moyai,moyai,,,623: :moyai: | :: | ::,stone,,,,,,,,,,,,,,,,,,,,,,,,,,,,,,,,,,,,,,,
ğŸª,circus tent,circus_tent,,,624: :circus_tent: | :: | ::,,,,,,,,,,,,,,,,,,,,,,,,,,,,,,,,,,,,,,,,
ğŸ­,performing arts,performing_arts,,,625: :performing_arts: | :: | ::,theater,drama,,,,,,,,,,,,,,,,,,,,,,,,,,,,,,,,,,,,,,
ğŸ“,round pushpin,round_pushpin,,,626: :round_pushpin: | :: | ::,location,,,,,,,,,,,,,,,,,,,,,,,,,,,,,,,,,,,,,,,
ğŸš©,triangular flag on post,triangular_flag_on_post,,,627: :triangular_flag_on_post: | :: | ::,,,,,,,,,,,,,,,,,,,,,,,,,,,,,,,,,,,,,,,,
ğŸ‡¯ğŸ‡µ,regional indicator symbol letter j + regional indicator symbol letter p,jp,,,628: :jp: | :: | ::,japan,,,,,,,,,,,,,,,,,,,,,,,,,,,,,,,,,,,,,,,
ğŸ‡°ğŸ‡·,regional indicator symbol letter k + regional indicator symbol letter r,kr,,,629: :kr: | :: | ::,korea,,,,,,,,,,,,,,,,,,,,,,,,,,,,,,,,,,,,,,,
ğŸ‡©ğŸ‡ª,regional indicator symbol letter d + regional indicator symbol letter e,de,,,630: :de: | :: | ::,flag,germany,,,,,,,,,,,,,,,,,,,,,,,,,,,,,,,,,,,,,,
ğŸ‡¨ğŸ‡³,regional indicator symbol letter c + regional indicator symbol letter n,cn,,,631: :cn: | :: | ::,china,,,,,,,,,,,,,,,,,,,,,,,,,,,,,,,,,,,,,,,
ğŸ‡ºğŸ‡¸,regional indicator symbol letter u + regional indicator symbol letter s,us,,,632: :us: | :: | ::,flag,united,america,,,,,,,,,,,,,,,,,,,,,,,,,,,,,,,,,,,,,
ğŸ‡«ğŸ‡·,regional indicator symbol letter f + regional indicator symbol letter r,fr,,,633: :fr: | :: | ::,france,french,,,,,,,,,,,,,,,,,,,,,,,,,,,,,,,,,,,,,,
ğŸ‡ªğŸ‡¸,regional indicator symbol letter e + regional indicator symbol letter s,es,,,634: :es: | :: | ::,spain,,,,,,,,,,,,,,,,,,,,,,,,,,,,,,,,,,,,,,,
ğŸ‡®ğŸ‡¹,regional indicator symbol letter i + regional indicator symbol letter t,it,,,635: :it: | :: | ::,italy,,,,,,,,,,,,,,,,,,,,,,,,,,,,,,,,,,,,,,,
ğŸ‡·ğŸ‡º,regional indicator symbol letter r + regional indicator symbol letter u,ru,,,636: :ru: | :: | ::,russia,,,,,,,,,,,,,,,,,,,,,,,,,,,,,,,,,,,,,,,
ğŸ‡¬ğŸ‡§,regional indicator symbol letter g + regional indicator symbol letter b,gb,uk,,637: :gb: | :uk: | ::,flag,british,,,,,,,,,,,,,,,,,,,,,,,,,,,,,,,,,,,,,,
1ï¸âƒ£,digit one + combining enclosing keycap,one,,,638: :one: | :: | ::,,,,,,,,,,,,,,,,,,,,,,,,,,,,,,,,,,,,,,,,
2ï¸âƒ£,digit two + combining enclosing keycap,two,,,639: :two: | :: | ::,,,,,,,,,,,,,,,,,,,,,,,,,,,,,,,,,,,,,,,,
3ï¸âƒ£,digit three + combining enclosing keycap,three,,,640: :three: | :: | ::,,,,,,,,,,,,,,,,,,,,,,,,,,,,,,,,,,,,,,,,
4ï¸âƒ£,digit four + combining enclosing keycap,four,,,641: :four: | :: | ::,,,,,,,,,,,,,,,,,,,,,,,,,,,,,,,,,,,,,,,,
5ï¸âƒ£,digit five + combining enclosing keycap,five,,,642: :five: | :: | ::,,,,,,,,,,,,,,,,,,,,,,,,,,,,,,,,,,,,,,,,
6ï¸âƒ£,digit six + combining enclosing keycap,six,,,643: :six: | :: | ::,,,,,,,,,,,,,,,,,,,,,,,,,,,,,,,,,,,,,,,,
7ï¸âƒ£,digit seven + combining enclosing keycap,seven,,,644: :seven: | :: | ::,,,,,,,,,,,,,,,,,,,,,,,,,,,,,,,,,,,,,,,,
8ï¸âƒ£,digit eight + combining enclosing keycap,eight,,,645: :eight: | :: | ::,,,,,,,,,,,,,,,,,,,,,,,,,,,,,,,,,,,,,,,,
9ï¸âƒ£,digit nine + combining enclosing keycap,nine,,,646: :nine: | :: | ::,,,,,,,,,,,,,,,,,,,,,,,,,,,,,,,,,,,,,,,,
0ï¸âƒ£,digit zero + combining enclosing keycap,zero,,,647: :zero: | :: | ::,,,,,,,,,,,,,,,,,,,,,,,,,,,,,,,,,,,,,,,,
ğŸ”Ÿ,keycap ten,keycap_ten,,,648: :keycap_ten: | :: | ::,,,,,,,,,,,,,,,,,,,,,,,,,,,,,,,,,,,,,,,,
ğŸ”¢,input symbol for numbers,1234,,,649: :1234: | :: | ::,numbers,,,,,,,,,,,,,,,,,,,,,,,,,,,,,,,,,,,,,,,
#ï¸âƒ£,number sign + combining enclosing keycap,hash,,,650: :hash: | :: | ::,number,,,,,,,,,,,,,,,,,,,,,,,,,,,,,,,,,,,,,,,
ğŸ”£,input symbol for symbols,symbols,,,651: :symbols: | :: | ::,,,,,,,,,,,,,,,,,,,,,,,,,,,,,,,,,,,,,,,,
â¬†ï¸,upwards black arrow,arrow_up,,,652: :arrow_up: | :: | ::,,,,,,,,,,,,,,,,,,,,,,,,,,,,,,,,,,,,,,,,
â¬‡ï¸,downwards black arrow,arrow_down,,,653: :arrow_down: | :: | ::,,,,,,,,,,,,,,,,,,,,,,,,,,,,,,,,,,,,,,,,
â¬…ï¸,leftwards black arrow,arrow_left,,,654: :arrow_left: | :: | ::,,,,,,,,,,,,,,,,,,,,,,,,,,,,,,,,,,,,,,,,
â¡ï¸,black rightwards arrow,arrow_right,,,655: :arrow_right: | :: | ::,,,,,,,,,,,,,,,,,,,,,,,,,,,,,,,,,,,,,,,,
ğŸ” ,input symbol for latin capital letters,capital_abcd,,,656: :capital_abcd: | :: | ::,letters,,,,,,,,,,,,,,,,,,,,,,,,,,,,,,,,,,,,,,,
ğŸ”¡,input symbol for latin small letters,abcd,,,657: :abcd: | :: | ::,,,,,,,,,,,,,,,,,,,,,,,,,,,,,,,,,,,,,,,,
ğŸ”¤,input symbol for latin letters,abc,,,658: :abc: | :: | ::,alphabet,,,,,,,,,,,,,,,,,,,,,,,,,,,,,,,,,,,,,,,
â†—ï¸,north east arrow,arrow_upper_right,,,659: :arrow_upper_right: | :: | ::,,,,,,,,,,,,,,,,,,,,,,,,,,,,,,,,,,,,,,,,
â†–ï¸,north west arrow,arrow_upper_left,,,660: :arrow_upper_left: | :: | ::,,,,,,,,,,,,,,,,,,,,,,,,,,,,,,,,,,,,,,,,
â†˜ï¸,south east arrow,arrow_lower_right,,,661: :arrow_lower_right: | :: | ::,,,,,,,,,,,,,,,,,,,,,,,,,,,,,,,,,,,,,,,,
â†™ï¸,south west arrow,arrow_lower_left,,,662: :arrow_lower_left: | :: | ::,,,,,,,,,,,,,,,,,,,,,,,,,,,,,,,,,,,,,,,,
â†”ï¸,left right arrow,left_right_arrow,,,663: :left_right_arrow: | :: | ::,,,,,,,,,,,,,,,,,,,,,,,,,,,,,,,,,,,,,,,,
â†•ï¸,up down arrow,arrow_up_down,,,664: :arrow_up_down: | :: | ::,,,,,,,,,,,,,,,,,,,,,,,,,,,,,,,,,,,,,,,,
ğŸ”„,anticlockwise downwards and upwards open circle arrows,arrows_counterclockwise,,,665: :arrows_counterclockwise: | :: | ::,sync,,,,,,,,,,,,,,,,,,,,,,,,,,,,,,,,,,,,,,,
â—€ï¸,black left-pointing triangle,arrow_backward,,,666: :arrow_backward: | :: | ::,,,,,,,,,,,,,,,,,,,,,,,,,,,,,,,,,,,,,,,,
â–¶ï¸,black right-pointing triangle,arrow_forward,,,667: :arrow_forward: | :: | ::,,,,,,,,,,,,,,,,,,,,,,,,,,,,,,,,,,,,,,,,
ğŸ”¼,up-pointing small red triangle,arrow_up_small,,,668: :arrow_up_small: | :: | ::,,,,,,,,,,,,,,,,,,,,,,,,,,,,,,,,,,,,,,,,
ğŸ”½,down-pointing small red triangle,arrow_down_small,,,669: :arrow_down_small: | :: | ::,,,,,,,,,,,,,,,,,,,,,,,,,,,,,,,,,,,,,,,,
â†©ï¸,leftwards arrow with hook,leftwards_arrow_with_hook,,,670: :leftwards_arrow_with_hook: | :: | ::,return,,,,,,,,,,,,,,,,,,,,,,,,,,,,,,,,,,,,,,,
â†ªï¸,rightwards arrow with hook,arrow_right_hook,,,671: :arrow_right_hook: | :: | ::,,,,,,,,,,,,,,,,,,,,,,,,,,,,,,,,,,,,,,,,
â„¹ï¸,information source,information_source,,,672: :information_source: | :: | ::,,,,,,,,,,,,,,,,,,,,,,,,,,,,,,,,,,,,,,,,
âª,black left-pointing double triangle,rewind,,,673: :rewind: | :: | ::,,,,,,,,,,,,,,,,,,,,,,,,,,,,,,,,,,,,,,,,
â©,black right-pointing double triangle,fast_forward,,,674: :fast_forward: | :: | ::,,,,,,,,,,,,,,,,,,,,,,,,,,,,,,,,,,,,,,,,
â«,black up-pointing double triangle,arrow_double_up,,,675: :arrow_double_up: | :: | ::,,,,,,,,,,,,,,,,,,,,,,,,,,,,,,,,,,,,,,,,
â¬,black down-pointing double triangle,arrow_double_down,,,676: :arrow_double_down: | :: | ::,,,,,,,,,,,,,,,,,,,,,,,,,,,,,,,,,,,,,,,,
â¤µï¸,arrow pointing rightwards then curving downwards,arrow_heading_down,,,677: :arrow_heading_down: | :: | ::,,,,,,,,,,,,,,,,,,,,,,,,,,,,,,,,,,,,,,,,
â¤´ï¸,arrow pointing rightwards then curving upwards,arrow_heading_up,,,678: :arrow_heading_up: | :: | ::,,,,,,,,,,,,,,,,,,,,,,,,,,,,,,,,,,,,,,,,
ğŸ†—,squared ok,ok,,,679: :ok: | :: | ::,yes,,,,,,,,,,,,,,,,,,,,,,,,,,,,,,,,,,,,,,,
ğŸ”€,twisted rightwards arrows,twisted_rightwards_arrows,,,680: :twisted_rightwards_arrows: | :: | ::,shuffle,,,,,,,,,,,,,,,,,,,,,,,,,,,,,,,,,,,,,,,
ğŸ”,clockwise rightwards and leftwards open circle arrows,repeat,,,681: :repeat: | :: | ::,loop,,,,,,,,,,,,,,,,,,,,,,,,,,,,,,,,,,,,,,,
ğŸ”‚,clockwise rightwards and leftwards open circle arrows with circled one overlay,repeat_one,,,682: :repeat_one: | :: | ::,,,,,,,,,,,,,,,,,,,,,,,,,,,,,,,,,,,,,,,,
ğŸ†•,squared new,new,,,683: :new: | :: | ::,fresh,,,,,,,,,,,,,,,,,,,,,,,,,,,,,,,,,,,,,,,
ğŸ†™,squared up with exclamation mark,up,,,684: :up: | :: | ::,,,,,,,,,,,,,,,,,,,,,,,,,,,,,,,,,,,,,,,,
ğŸ†’,squared cool,cool,,,685: :cool: | :: | ::,,,,,,,,,,,,,,,,,,,,,,,,,,,,,,,,,,,,,,,,
ğŸ†“,squared free,free,,,686: :free: | :: | ::,,,,,,,,,,,,,,,,,,,,,,,,,,,,,,,,,,,,,,,,
ğŸ†–,squared ng,ng,,,687: :ng: | :: | ::,,,,,,,,,,,,,,,,,,,,,,,,,,,,,,,,,,,,,,,,
ğŸ“¶,antenna with bars,signal_strength,,,688: :signal_strength: | :: | ::,wifi,,,,,,,,,,,,,,,,,,,,,,,,,,,,,,,,,,,,,,,
ğŸ¦,cinema,cinema,,,689: :cinema: | :: | ::,film,movie,,,,,,,,,,,,,,,,,,,,,,,,,,,,,,,,,,,,,,
ğŸˆ,squared katakana koko,koko,,,690: :koko: | :: | ::,,,,,,,,,,,,,,,,,,,,,,,,,,,,,,,,,,,,,,,,
ğŸˆ¯,squared cjk unified ideograph-6307,u6307,,,691: :u6307: | :: | ::,,,,,,,,,,,,,,,,,,,,,,,,,,,,,,,,,,,,,,,,
ğŸˆ³,squared cjk unified ideograph-7a7a,u7a7a,,,692: :u7a7a: | :: | ::,,,,,,,,,,,,,,,,,,,,,,,,,,,,,,,,,,,,,,,,
ğŸˆµ,squared cjk unified ideograph-6e80,u6e80,,,693: :u6e80: | :: | ::,,,,,,,,,,,,,,,,,,,,,,,,,,,,,,,,,,,,,,,,
ğŸˆ´,squared cjk unified ideograph-5408,u5408,,,694: :u5408: | :: | ::,,,,,,,,,,,,,,,,,,,,,,,,,,,,,,,,,,,,,,,,
ğŸˆ²,squared cjk unified ideograph-7981,u7981,,,695: :u7981: | :: | ::,,,,,,,,,,,,,,,,,,,,,,,,,,,,,,,,,,,,,,,,
ğŸ‰,circled ideograph advantage,ideograph_advantage,,,696: :ideograph_advantage: | :: | ::,,,,,,,,,,,,,,,,,,,,,,,,,,,,,,,,,,,,,,,,
ğŸˆ¹,squared cjk unified ideograph-5272,u5272,,,697: :u5272: | :: | ::,,,,,,,,,,,,,,,,,,,,,,,,,,,,,,,,,,,,,,,,
ğŸˆº,squared cjk unified ideograph-55b6,u55b6,,,698: :u55b6: | :: | ::,,,,,,,,,,,,,,,,,,,,,,,,,,,,,,,,,,,,,,,,
ğŸˆ¶,squared cjk unified ideograph-6709,u6709,,,699: :u6709: | :: | ::,,,,,,,,,,,,,,,,,,,,,,,,,,,,,,,,,,,,,,,,
ğŸˆš,squared cjk unified ideograph-7121,u7121,,,700: :u7121: | :: | ::,,,,,,,,,,,,,,,,,,,,,,,,,,,,,,,,,,,,,,,,
ğŸš»,restroom,restroom,,,701: :restroom: | :: | ::,toilet,,,,,,,,,,,,,,,,,,,,,,,,,,,,,,,,,,,,,,,
ğŸš¹,mens symbol,mens,,,702: :mens: | :: | ::,,,,,,,,,,,,,,,,,,,,,,,,,,,,,,,,,,,,,,,,
ğŸšº,womens symbol,womens,,,703: :womens: | :: | ::,,,,,,,,,,,,,,,,,,,,,,,,,,,,,,,,,,,,,,,,
ğŸš¼,baby symbol,baby_symbol,,,704: :baby_symbol: | :: | ::,,,,,,,,,,,,,,,,,,,,,,,,,,,,,,,,,,,,,,,,
ğŸš¾,water closet,wc,,,705: :wc: | :: | ::,toilet,restroom,,,,,,,,,,,,,,,,,,,,,,,,,,,,,,,,,,,,,,
ğŸš°,potable water symbol,potable_water,,,706: :potable_water: | :: | ::,,,,,,,,,,,,,,,,,,,,,,,,,,,,,,,,,,,,,,,,
ğŸš®,put litter in its place symbol,put_litter_in_its_place,,,707: :put_litter_in_its_place: | :: | ::,,,,,,,,,,,,,,,,,,,,,,,,,,,,,,,,,,,,,,,,
ğŸ…¿ï¸,negative squared latin capital letter p,parking,,,708: :parking: | :: | ::,,,,,,,,,,,,,,,,,,,,,,,,,,,,,,,,,,,,,,,,
â™¿,wheelchair symbol,wheelchair,,,709: :wheelchair: | :: | ::,accessibility,,,,,,,,,,,,,,,,,,,,,,,,,,,,,,,,,,,,,,,
ğŸš­,no smoking symbol,no_smoking,,,710: :no_smoking: | :: | ::,,,,,,,,,,,,,,,,,,,,,,,,,,,,,,,,,,,,,,,,
ğŸˆ·ï¸,squared cjk unified ideograph-6708,u6708,,,711: :u6708: | :: | ::,,,,,,,,,,,,,,,,,,,,,,,,,,,,,,,,,,,,,,,,
ğŸˆ¸,squared cjk unified ideograph-7533,u7533,,,712: :u7533: | :: | ::,,,,,,,,,,,,,,,,,,,,,,,,,,,,,,,,,,,,,,,,
ğŸˆ‚ï¸,squared katakana sa,sa,,,713: :sa: | :: | ::,,,,,,,,,,,,,,,,,,,,,,,,,,,,,,,,,,,,,,,,
â“‚ï¸,circled latin capital letter m,m,,,714: :m: | :: | ::,,,,,,,,,,,,,,,,,,,,,,,,,,,,,,,,,,,,,,,,
ğŸ›‚,passport control,passport_control,,,715: :passport_control: | :: | ::,,,,,,,,,,,,,,,,,,,,,,,,,,,,,,,,,,,,,,,,
ğŸ›„,baggage claim,baggage_claim,,,716: :baggage_claim: | :: | ::,airport,,,,,,,,,,,,,,,,,,,,,,,,,,,,,,,,,,,,,,,
ğŸ›…,left luggage,left_luggage,,,717: :left_luggage: | :: | ::,,,,,,,,,,,,,,,,,,,,,,,,,,,,,,,,,,,,,,,,
ğŸ›ƒ,customs,customs,,,718: :customs: | :: | ::,,,,,,,,,,,,,,,,,,,,,,,,,,,,,,,,,,,,,,,,
ğŸ‰‘,circled ideograph accept,accept,,,719: :accept: | :: | ::,,,,,,,,,,,,,,,,,,,,,,,,,,,,,,,,,,,,,,,,
ãŠ™ï¸,circled ideograph secret,secret,,,720: :secret: | :: | ::,,,,,,,,,,,,,,,,,,,,,,,,,,,,,,,,,,,,,,,,
ãŠ—ï¸,circled ideograph congratulation,congratulations,,,721: :congratulations: | :: | ::,,,,,,,,,,,,,,,,,,,,,,,,,,,,,,,,,,,,,,,,
ğŸ†‘,squared cl,cl,,,722: :cl: | :: | ::,,,,,,,,,,,,,,,,,,,,,,,,,,,,,,,,,,,,,,,,
ğŸ†˜,squared sos,sos,,,723: :sos: | :: | ::,help,emergency,,,,,,,,,,,,,,,,,,,,,,,,,,,,,,,,,,,,,,
ğŸ†”,squared id,id,,,724: :id: | :: | ::,,,,,,,,,,,,,,,,,,,,,,,,,,,,,,,,,,,,,,,,
ğŸš«,no entry sign,no_entry_sign,,,725: :no_entry_sign: | :: | ::,block,forbidden,,,,,,,,,,,,,,,,,,,,,,,,,,,,,,,,,,,,,,
ğŸ”,no one under eighteen symbol,underage,,,726: :underage: | :: | ::,,,,,,,,,,,,,,,,,,,,,,,,,,,,,,,,,,,,,,,,
ğŸ“µ,no mobile phones,no_mobile_phones,,,727: :no_mobile_phones: | :: | ::,,,,,,,,,,,,,,,,,,,,,,,,,,,,,,,,,,,,,,,,
ğŸš¯,do not litter symbol,do_not_litter,,,728: :do_not_litter: | :: | ::,,,,,,,,,,,,,,,,,,,,,,,,,,,,,,,,,,,,,,,,
ğŸš±,non-potable water symbol,non-potable_water,,,729: :non-potable_water: | :: | ::,,,,,,,,,,,,,,,,,,,,,,,,,,,,,,,,,,,,,,,,
ğŸš³,no bicycles,no_bicycles,,,730: :no_bicycles: | :: | ::,,,,,,,,,,,,,,,,,,,,,,,,,,,,,,,,,,,,,,,,
ğŸš·,no pedestrians,no_pedestrians,,,731: :no_pedestrians: | :: | ::,,,,,,,,,,,,,,,,,,,,,,,,,,,,,,,,,,,,,,,,
ğŸš¸,children crossing,children_crossing,,,732: :children_crossing: | :: | ::,,,,,,,,,,,,,,,,,,,,,,,,,,,,,,,,,,,,,,,,
â›”,no entry,no_entry,,,733: :no_entry: | :: | ::,limit,,,,,,,,,,,,,,,,,,,,,,,,,,,,,,,,,,,,,,,
âœ³ï¸,eight spoked asterisk,eight_spoked_asterisk,,,734: :eight_spoked_asterisk: | :: | ::,,,,,,,,,,,,,,,,,,,,,,,,,,,,,,,,,,,,,,,,
â‡ï¸,sparkle,sparkle,,,735: :sparkle: | :: | ::,,,,,,,,,,,,,,,,,,,,,,,,,,,,,,,,,,,,,,,,
â,negative squared cross mark,negative_squared_cross_mark,,,736: :negative_squared_cross_mark: | :: | ::,,,,,,,,,,,,,,,,,,,,,,,,,,,,,,,,,,,,,,,,
âœ…,white heavy check mark,white_check_mark,,,737: :white_check_mark: | :: | ::,,,,,,,,,,,,,,,,,,,,,,,,,,,,,,,,,,,,,,,,
âœ´ï¸,eight pointed black star,eight_pointed_black_star,,,738: :eight_pointed_black_star: | :: | ::,,,,,,,,,,,,,,,,,,,,,,,,,,,,,,,,,,,,,,,,
ğŸ’Ÿ,heart decoration,heart_decoration,,,739: :heart_decoration: | :: | ::,,,,,,,,,,,,,,,,,,,,,,,,,,,,,,,,,,,,,,,,
ğŸ†š,squared vs,vs,,,740: :vs: | :: | ::,,,,,,,,,,,,,,,,,,,,,,,,,,,,,,,,,,,,,,,,
ğŸ“³,vibration mode,vibration_mode,,,741: :vibration_mode: | :: | ::,,,,,,,,,,,,,,,,,,,,,,,,,,,,,,,,,,,,,,,,
ğŸ“´,mobile phone off,mobile_phone_off,,,742: :mobile_phone_off: | :: | ::,mute,off,,,,,,,,,,,,,,,,,,,,,,,,,,,,,,,,,,,,,,
ğŸ…°ï¸,negative squared latin capital letter a,a,,,743: :a: | :: | ::,,,,,,,,,,,,,,,,,,,,,,,,,,,,,,,,,,,,,,,,
ğŸ…±ï¸,negative squared latin capital letter b,b,,,744: :b: | :: | ::,,,,,,,,,,,,,,,,,,,,,,,,,,,,,,,,,,,,,,,,
ğŸ†,negative squared ab,ab,,,745: :ab: | :: | ::,,,,,,,,,,,,,,,,,,,,,,,,,,,,,,,,,,,,,,,,
ğŸ…¾ï¸,negative squared latin capital letter o,o2,,,746: :o2: | :: | ::,,,,,,,,,,,,,,,,,,,,,,,,,,,,,,,,,,,,,,,,
ğŸ’ ,diamond shape with a dot inside,diamond_shape_with_a_dot_inside,,,747: :diamond_shape_with_a_dot_inside: | :: | ::,,,,,,,,,,,,,,,,,,,,,,,,,,,,,,,,,,,,,,,,
â¿,double curly loop,loop,,,748: :loop: | :: | ::,,,,,,,,,,,,,,,,,,,,,,,,,,,,,,,,,,,,,,,,
â™»ï¸,black universal recycling symbol,recycle,,,749: :recycle: | :: | ::,environment,green,,,,,,,,,,,,,,,,,,,,,,,,,,,,,,,,,,,,,,
â™ˆ,aries,aries,,,750: :aries: | :: | ::,,,,,,,,,,,,,,,,,,,,,,,,,,,,,,,,,,,,,,,,
â™‰,taurus,taurus,,,751: :taurus: | :: | ::,,,,,,,,,,,,,,,,,,,,,,,,,,,,,,,,,,,,,,,,
â™Š,gemini,gemini,,,752: :gemini: | :: | ::,,,,,,,,,,,,,,,,,,,,,,,,,,,,,,,,,,,,,,,,
â™‹,cancer,cancer,,,753: :cancer: | :: | ::,,,,,,,,,,,,,,,,,,,,,,,,,,,,,,,,,,,,,,,,
â™Œ,leo,leo,,,754: :leo: | :: | ::,,,,,,,,,,,,,,,,,,,,,,,,,,,,,,,,,,,,,,,,
â™,virgo,virgo,,,755: :virgo: | :: | ::,,,,,,,,,,,,,,,,,,,,,,,,,,,,,,,,,,,,,,,,
â™,libra,libra,,,756: :libra: | :: | ::,,,,,,,,,,,,,,,,,,,,,,,,,,,,,,,,,,,,,,,,
â™,scorpius,scorpius,,,757: :scorpius: | :: | ::,,,,,,,,,,,,,,,,,,,,,,,,,,,,,,,,,,,,,,,,
â™,sagittarius,sagittarius,,,758: :sagittarius: | :: | ::,,,,,,,,,,,,,,,,,,,,,,,,,,,,,,,,,,,,,,,,
â™‘,capricorn,capricorn,,,759: :capricorn: | :: | ::,,,,,,,,,,,,,,,,,,,,,,,,,,,,,,,,,,,,,,,,
â™’,aquarius,aquarius,,,760: :aquarius: | :: | ::,,,,,,,,,,,,,,,,,,,,,,,,,,,,,,,,,,,,,,,,
â™“,pisces,pisces,,,761: :pisces: | :: | ::,,,,,,,,,,,,,,,,,,,,,,,,,,,,,,,,,,,,,,,,
â›,ophiuchus,ophiuchus,,,762: :ophiuchus: | :: | ::,,,,,,,,,,,,,,,,,,,,,,,,,,,,,,,,,,,,,,,,
ğŸ”¯,six pointed star with middle dot,six_pointed_star,,,763: :six_pointed_star: | :: | ::,,,,,,,,,,,,,,,,,,,,,,,,,,,,,,,,,,,,,,,,
ğŸ§,automated teller machine,atm,,,764: :atm: | :: | ::,,,,,,,,,,,,,,,,,,,,,,,,,,,,,,,,,,,,,,,,
ğŸ’¹,chart with upwards trend and yen sign,chart,,,765: :chart: | :: | ::,,,,,,,,,,,,,,,,,,,,,,,,,,,,,,,,,,,,,,,,
ğŸ’²,heavy dollar sign,heavy_dollar_sign,,,766: :heavy_dollar_sign: | :: | ::,,,,,,,,,,,,,,,,,,,,,,,,,,,,,,,,,,,,,,,,
ğŸ’±,currency exchange,currency_exchange,,,767: :currency_exchange: | :: | ::,,,,,,,,,,,,,,,,,,,,,,,,,,,,,,,,,,,,,,,,
Â©ï¸,copyright sign,copyright,,,768: :copyright: | :: | ::,,,,,,,,,,,,,,,,,,,,,,,,,,,,,,,,,,,,,,,,
Â®ï¸,registered sign,registered,,,769: :registered: | :: | ::,,,,,,,,,,,,,,,,,,,,,,,,,,,,,,,,,,,,,,,,
â„¢ï¸,trade mark sign,tm,,,770: :tm: | :: | ::,trademark,,,,,,,,,,,,,,,,,,,,,,,,,,,,,,,,,,,,,,,
âŒ,cross mark,x,,,771: :x: | :: | ::,,,,,,,,,,,,,,,,,,,,,,,,,,,,,,,,,,,,,,,,
â€¼ï¸,double exclamation mark,bangbang,,,772: :bangbang: | :: | ::,,,,,,,,,,,,,,,,,,,,,,,,,,,,,,,,,,,,,,,,
â‰ï¸,exclamation question mark,interrobang,,,773: :interrobang: | :: | ::,,,,,,,,,,,,,,,,,,,,,,,,,,,,,,,,,,,,,,,,
â—,heavy exclamation mark symbol,exclamation,heavy_exclamation_mark,,774: :exclamation: | :heavy_exclamation_mark: | ::,bang,,,,,,,,,,,,,,,,,,,,,,,,,,,,,,,,,,,,,,,
â“,black question mark ornament,question,,,775: :question: | :: | ::,confused,,,,,,,,,,,,,,,,,,,,,,,,,,,,,,,,,,,,,,,
â•,white exclamation mark ornament,grey_exclamation,,,776: :grey_exclamation: | :: | ::,,,,,,,,,,,,,,,,,,,,,,,,,,,,,,,,,,,,,,,,
â”,white question mark ornament,grey_question,,,777: :grey_question: | :: | ::,,,,,,,,,,,,,,,,,,,,,,,,,,,,,,,,,,,,,,,,
â­•,heavy large circle,o,,,778: :o: | :: | ::,,,,,,,,,,,,,,,,,,,,,,,,,,,,,,,,,,,,,,,,
ğŸ”,top with upwards arrow above,top,,,779: :top: | :: | ::,,,,,,,,,,,,,,,,,,,,,,,,,,,,,,,,,,,,,,,,
ğŸ”š,end with leftwards arrow above,end,,,780: :end: | :: | ::,,,,,,,,,,,,,,,,,,,,,,,,,,,,,,,,,,,,,,,,
ğŸ”™,back with leftwards arrow above,back,,,781: :back: | :: | ::,,,,,,,,,,,,,,,,,,,,,,,,,,,,,,,,,,,,,,,,
ğŸ”›,on with exclamation mark with left right arrow above,on,,,782: :on: | :: | ::,,,,,,,,,,,,,,,,,,,,,,,,,,,,,,,,,,,,,,,,
ğŸ”œ,soon with rightwards arrow above,soon,,,783: :soon: | :: | ::,,,,,,,,,,,,,,,,,,,,,,,,,,,,,,,,,,,,,,,,
ğŸ”ƒ,clockwise downwards and upwards open circle arrows,arrows_clockwise,,,784: :arrows_clockwise: | :: | ::,,,,,,,,,,,,,,,,,,,,,,,,,,,,,,,,,,,,,,,,
ğŸ•›,clock face twelve oclock,clock12,,,785: :clock12: | :: | ::,,,,,,,,,,,,,,,,,,,,,,,,,,,,,,,,,,,,,,,,
ğŸ•§,clock face twelve-thirty,clock1230,,,786: :clock1230: | :: | ::,,,,,,,,,,,,,,,,,,,,,,,,,,,,,,,,,,,,,,,,
ğŸ•,clock face one oclock,clock1,,,787: :clock1: | :: | ::,,,,,,,,,,,,,,,,,,,,,,,,,,,,,,,,,,,,,,,,
ğŸ•œ,clock face one-thirty,clock130,,,788: :clock130: | :: | ::,,,,,,,,,,,,,,,,,,,,,,,,,,,,,,,,,,,,,,,,
ğŸ•‘,clock face two oclock,clock2,,,789: :clock2: | :: | ::,,,,,,,,,,,,,,,,,,,,,,,,,,,,,,,,,,,,,,,,
ğŸ•,clock face two-thirty,clock230,,,790: :clock230: | :: | ::,,,,,,,,,,,,,,,,,,,,,,,,,,,,,,,,,,,,,,,,
ğŸ•’,clock face three oclock,clock3,,,791: :clock3: | :: | ::,,,,,,,,,,,,,,,,,,,,,,,,,,,,,,,,,,,,,,,,
ğŸ•,clock face three-thirty,clock330,,,792: :clock330: | :: | ::,,,,,,,,,,,,,,,,,,,,,,,,,,,,,,,,,,,,,,,,
ğŸ•“,clock face four oclock,clock4,,,793: :clock4: | :: | ::,,,,,,,,,,,,,,,,,,,,,,,,,,,,,,,,,,,,,,,,
ğŸ•Ÿ,clock face four-thirty,clock430,,,794: :clock430: | :: | ::,,,,,,,,,,,,,,,,,,,,,,,,,,,,,,,,,,,,,,,,
ğŸ•”,clock face five oclock,clock5,,,795: :clock5: | :: | ::,,,,,,,,,,,,,,,,,,,,,,,,,,,,,,,,,,,,,,,,
ğŸ• ,clock face five-thirty,clock530,,,796: :clock530: | :: | ::,,,,,,,,,,,,,,,,,,,,,,,,,,,,,,,,,,,,,,,,
ğŸ••,clock face six oclock,clock6,,,797: :clock6: | :: | ::,,,,,,,,,,,,,,,,,,,,,,,,,,,,,,,,,,,,,,,,
ğŸ•–,clock face seven oclock,clock7,,,798: :clock7: | :: | ::,,,,,,,,,,,,,,,,,,,,,,,,,,,,,,,,,,,,,,,,
ğŸ•—,clock face eight oclock,clock8,,,799: :clock8: | :: | ::,,,,,,,,,,,,,,,,,,,,,,,,,,,,,,,,,,,,,,,,
ğŸ•˜,clock face nine oclock,clock9,,,800: :clock9: | :: | ::,,,,,,,,,,,,,,,,,,,,,,,,,,,,,,,,,,,,,,,,
ğŸ•™,clock face ten oclock,clock10,,,801: :clock10: | :: | ::,,,,,,,,,,,,,,,,,,,,,,,,,,,,,,,,,,,,,,,,
ğŸ•š,clock face eleven oclock,clock11,,,802: :clock11: | :: | ::,,,,,,,,,,,,,,,,,,,,,,,,,,,,,,,,,,,,,,,,
ğŸ•¡,clock face six-thirty,clock630,,,803: :clock630: | :: | ::,,,,,,,,,,,,,,,,,,,,,,,,,,,,,,,,,,,,,,,,
ğŸ•¢,clock face seven-thirty,clock730,,,804: :clock730: | :: | ::,,,,,,,,,,,,,,,,,,,,,,,,,,,,,,,,,,,,,,,,
ğŸ•£,clock face eight-thirty,clock830,,,805: :clock830: | :: | ::,,,,,,,,,,,,,,,,,,,,,,,,,,,,,,,,,,,,,,,,
ğŸ•¤,clock face nine-thirty,clock930,,,806: :clock930: | :: | ::,,,,,,,,,,,,,,,,,,,,,,,,,,,,,,,,,,,,,,,,
ğŸ•¥,clock face ten-thirty,clock1030,,,807: :clock1030: | :: | ::,,,,,,,,,,,,,,,,,,,,,,,,,,,,,,,,,,,,,,,,
ğŸ•¦,clock face eleven-thirty,clock1130,,,808: :clock1130: | :: | ::,,,,,,,,,,,,,,,,,,,,,,,,,,,,,,,,,,,,,,,,
âœ–ï¸,heavy multiplication x,heavy_multiplication_x,,,809: :heavy_multiplication_x: | :: | ::,,,,,,,,,,,,,,,,,,,,,,,,,,,,,,,,,,,,,,,,
â•,heavy plus sign,heavy_plus_sign,,,810: :heavy_plus_sign: | :: | ::,,,,,,,,,,,,,,,,,,,,,,,,,,,,,,,,,,,,,,,,
â–,heavy minus sign,heavy_minus_sign,,,811: :heavy_minus_sign: | :: | ::,,,,,,,,,,,,,,,,,,,,,,,,,,,,,,,,,,,,,,,,
â—,heavy division sign,heavy_division_sign,,,812: :heavy_division_sign: | :: | ::,,,,,,,,,,,,,,,,,,,,,,,,,,,,,,,,,,,,,,,,
â™ ï¸,black spade suit,spades,,,813: :spades: | :: | ::,,,,,,,,,,,,,,,,,,,,,,,,,,,,,,,,,,,,,,,,
â™¥ï¸,black heart suit,hearts,,,814: :hearts: | :: | ::,,,,,,,,,,,,,,,,,,,,,,,,,,,,,,,,,,,,,,,,
â™£ï¸,black club suit,clubs,,,815: :clubs: | :: | ::,,,,,,,,,,,,,,,,,,,,,,,,,,,,,,,,,,,,,,,,
â™¦ï¸,black diamond suit,diamonds,,,816: :diamonds: | :: | ::,,,,,,,,,,,,,,,,,,,,,,,,,,,,,,,,,,,,,,,,
ğŸ’®,white flower,white_flower,,,817: :white_flower: | :: | ::,,,,,,,,,,,,,,,,,,,,,,,,,,,,,,,,,,,,,,,,
ğŸ’¯,hundred points symbol,100,,,818: :100: | :: | ::,score,perfect,,,,,,,,,,,,,,,,,,,,,,,,,,,,,,,,,,,,,,
âœ”ï¸,heavy check mark,heavy_check_mark,,,819: :heavy_check_mark: | :: | ::,,,,,,,,,,,,,,,,,,,,,,,,,,,,,,,,,,,,,,,,
â˜‘ï¸,ballot box with check,ballot_box_with_check,,,820: :ballot_box_with_check: | :: | ::,,,,,,,,,,,,,,,,,,,,,,,,,,,,,,,,,,,,,,,,
ğŸ”˜,radio button,radio_button,,,821: :radio_button: | :: | ::,,,,,,,,,,,,,,,,,,,,,,,,,,,,,,,,,,,,,,,,
ğŸ”—,link symbol,link,,,822: :link: | :: | ::,,,,,,,,,,,,,,,,,,,,,,,,,,,,,,,,,,,,,,,,
â°,curly loop,curly_loop,,,823: :curly_loop: | :: | ::,,,,,,,,,,,,,,,,,,,,,,,,,,,,,,,,,,,,,,,,
ã€°ï¸,wavy dash,wavy_dash,,,824: :wavy_dash: | :: | ::,,,,,,,,,,,,,,,,,,,,,,,,,,,,,,,,,,,,,,,,
ã€½ï¸,part alternation mark,part_alternation_mark,,,825: :part_alternation_mark: | :: | ::,,,,,,,,,,,,,,,,,,,,,,,,,,,,,,,,,,,,,,,,
ğŸ”±,trident emblem,trident,,,826: :trident: | :: | ::,,,,,,,,,,,,,,,,,,,,,,,,,,,,,,,,,,,,,,,,
â—¼ï¸,black medium square,black_medium_square,,,827: :black_medium_square: | :: | ::,,,,,,,,,,,,,,,,,,,,,,,,,,,,,,,,,,,,,,,,
â—»ï¸,white medium square,white_medium_square,,,828: :white_medium_square: | :: | ::,,,,,,,,,,,,,,,,,,,,,,,,,,,,,,,,,,,,,,,,
â—¾,black medium small square,black_medium_small_square,,,829: :black_medium_small_square: | :: | ::,,,,,,,,,,,,,,,,,,,,,,,,,,,,,,,,,,,,,,,,
â—½,white medium small square,white_medium_small_square,,,830: :white_medium_small_square: | :: | ::,,,,,,,,,,,,,,,,,,,,,,,,,,,,,,,,,,,,,,,,
â–ªï¸,black small square,black_small_square,,,831: :black_small_square: | :: | ::,,,,,,,,,,,,,,,,,,,,,,,,,,,,,,,,,,,,,,,,
â–«ï¸,white small square,white_small_square,,,832: :white_small_square: | :: | ::,,,,,,,,,,,,,,,,,,,,,,,,,,,,,,,,,,,,,,,,
ğŸ”º,up-pointing red triangle,small_red_triangle,,,833: :small_red_triangle: | :: | ::,,,,,,,,,,,,,,,,,,,,,,,,,,,,,,,,,,,,,,,,
ğŸ”²,black square button,black_square_button,,,834: :black_square_button: | :: | ::,,,,,,,,,,,,,,,,,,,,,,,,,,,,,,,,,,,,,,,,
ğŸ”³,white square button,white_square_button,,,835: :white_square_button: | :: | ::,,,,,,,,,,,,,,,,,,,,,,,,,,,,,,,,,,,,,,,,
âš«,medium black circle,black_circle,,,836: :black_circle: | :: | ::,,,,,,,,,,,,,,,,,,,,,,,,,,,,,,,,,,,,,,,,
âšª,medium white circle,white_circle,,,837: :white_circle: | :: | ::,,,,,,,,,,,,,,,,,,,,,,,,,,,,,,,,,,,,,,,,
ğŸ”´,large red circle,red_circle,,,838: :red_circle: | :: | ::,,,,,,,,,,,,,,,,,,,,,,,,,,,,,,,,,,,,,,,,
ğŸ”µ,large blue circle,large_blue_circle,,,839: :large_blue_circle: | :: | ::,,,,,,,,,,,,,,,,,,,,,,,,,,,,,,,,,,,,,,,,
ğŸ”»,down-pointing red triangle,small_red_triangle_down,,,840: :small_red_triangle_down: | :: | ::,,,,,,,,,,,,,,,,,,,,,,,,,,,,,,,,,,,,,,,,
â¬œ,white large square,white_large_square,,,841: :white_large_square: | :: | ::,,,,,,,,,,,,,,,,,,,,,,,,,,,,,,,,,,,,,,,,
â¬›,black large square,black_large_square,,,842: :black_large_square: | :: | ::,,,,,,,,,,,,,,,,,,,,,,,,,,,,,,,,,,,,,,,,
ğŸ”¶,large orange diamond,large_orange_diamond,,,843: :large_orange_diamond: | :: | ::,,,,,,,,,,,,,,,,,,,,,,,,,,,,,,,,,,,,,,,,
ğŸ”·,large blue diamond,large_blue_diamond,,,844: :large_blue_diamond: | :: | ::,,,,,,,,,,,,,,,,,,,,,,,,,,,,,,,,,,,,,,,,
ğŸ”¸,small orange diamond,small_orange_diamond,,,845: :small_orange_diamond: | :: | ::,,,,,,,,,,,,,,,,,,,,,,,,,,,,,,,,,,,,,,,,
ğŸ”¹,small blue diamond,small_blue_diamond,,,846: :small_blue_diamond: | :: | ::,,,,,,,,,,,,,,,,,,,,,,,,,,,,,,,,,,,,,,,,